2026-01-22 17:45:33 - ArmyAttendance - INFO - Initializing InsightFace Model...
2026-01-22 17:45:34 - ArmyAttendance - INFO - Loaded 2 face embeddings
2026-01-22 17:45:34 - ArmyAttendance - INFO - Face Recognition Engine initialized successfully
2026-01-22 17:45:34 - ArmyAttendance - WARNING - MediaPipe not available, using OpenCV fallback
2026-01-22 17:45:34 - ArmyAttendance - INFO - ✓ Liveness Detector initialized successfully
2026-01-22 17:45:34 - ArmyAttendance - INFO - Directory created/verified: logs
2026-01-22 17:45:34 - ArmyAttendance - INFO - Directory created/verified: face_embeddings
2026-01-22 17:45:34 - ArmyAttendance - INFO - Directory created/verified: static/uploads/employees
2026-01-22 17:45:34 - ArmyAttendance - INFO - Directory created/verified: static/uploads/attendance
2026-01-22 17:45:34 - ArmyAttendance - INFO - Directory created/verified: static/css
2026-01-22 17:45:34 - ArmyAttendance - INFO - Directory created/verified: static/js
2026-01-22 17:45:34 - ArmyAttendance - INFO - Directory created/verified: static/images
2026-01-22 17:45:34 - ArmyAttendance - INFO - ✓ Face recognition engine initialized successfully
2026-01-22 17:45:34 - ArmyAttendance - INFO - ==================================================
2026-01-22 17:45:34 - ArmyAttendance - INFO - 🎖️  ARMY FACE ATTENDANCE SYSTEM
2026-01-22 17:45:34 - ArmyAttendance - INFO - ==================================================
2026-01-22 17:45:34 - ArmyAttendance - INFO - ✓ Application initialized successfully
2026-01-22 17:45:34 - ArmyAttendance - INFO - ✓ Debug mode: False
2026-01-22 17:45:34 - ArmyAttendance - INFO - ✓ Database: army_attendance
2026-01-22 17:45:34 - ArmyAttendance - INFO - ✓ Cache busting: ENABLED
2026-01-22 17:45:34 - ArmyAttendance - INFO - ==================================================
2026-01-22 17:45:34 - ArmyAttendance - INFO - ✓ Database tables created/verified
2026-01-22 17:45:34 - ArmyAttendance - INFO - ✓ Python cache cleared
2026-01-22 17:45:38 - ArmyAttendance - INFO - Initializing InsightFace Model...
2026-01-22 17:45:39 - ArmyAttendance - INFO - Loaded 2 face embeddings
2026-01-22 17:45:39 - ArmyAttendance - INFO - Face Recognition Engine initialized successfully
2026-01-22 17:45:39 - ArmyAttendance - WARNING - MediaPipe not available, using OpenCV fallback
2026-01-22 17:45:39 - ArmyAttendance - INFO - ✓ Liveness Detector initialized successfully
2026-01-22 17:45:39 - ArmyAttendance - INFO - Directory created/verified: logs
2026-01-22 17:45:39 - ArmyAttendance - INFO - Directory created/verified: face_embeddings
2026-01-22 17:45:39 - ArmyAttendance - INFO - Directory created/verified: static/uploads/employees
2026-01-22 17:45:39 - ArmyAttendance - INFO - Directory created/verified: static/uploads/attendance
2026-01-22 17:45:39 - ArmyAttendance - INFO - Directory created/verified: static/css
2026-01-22 17:45:39 - ArmyAttendance - INFO - Directory created/verified: static/js
2026-01-22 17:45:39 - ArmyAttendance - INFO - Directory created/verified: static/images
2026-01-22 17:45:39 - ArmyAttendance - INFO - ✓ Face recognition engine initialized successfully
2026-01-22 17:45:39 - ArmyAttendance - INFO - ==================================================
2026-01-22 17:45:39 - ArmyAttendance - INFO - 🎖️  ARMY FACE ATTENDANCE SYSTEM
2026-01-22 17:45:39 - ArmyAttendance - INFO - ==================================================
2026-01-22 17:45:39 - ArmyAttendance - INFO - ✓ Application initialized successfully
2026-01-22 17:45:39 - ArmyAttendance - INFO - ✓ Debug mode: False
2026-01-22 17:45:39 - ArmyAttendance - INFO - ✓ Database: army_attendance
2026-01-22 17:45:39 - ArmyAttendance - INFO - ✓ Cache busting: ENABLED
2026-01-22 17:45:39 - ArmyAttendance - INFO - ==================================================
2026-01-22 17:45:39 - ArmyAttendance - INFO - ✓ Database tables created/verified
2026-01-22 17:45:39 - ArmyAttendance - INFO - ✓ Python cache cleared
2026-01-22 17:45:52 - ArmyAttendance - WARNING - 404 Error: 404 Not Found: The requested URL was not found on the server. If you entered the URL manually please check your spelling and try again.
2026-01-22 17:45:58 - ArmyAttendance - INFO - User logged in: admin
2026-01-22 17:46:56 - ArmyAttendance - ERROR - Error loading reports page: Could not build url for endpoint 'reports.audit_logs'. Did you mean 'reports.daily_report' instead?
2026-01-22 18:12:08 - ArmyAttendance - INFO - Initializing InsightFace Model...
2026-01-22 18:12:08 - ArmyAttendance - INFO - Loaded 2 face embeddings
2026-01-22 18:12:08 - ArmyAttendance - INFO - Face Recognition Engine initialized successfully
2026-01-22 18:12:08 - ArmyAttendance - WARNING - MediaPipe not available, using OpenCV fallback
2026-01-22 18:12:08 - ArmyAttendance - INFO - ✓ Liveness Detector initialized successfully
2026-01-22 18:12:08 - ArmyAttendance - INFO - Directory created/verified: logs
2026-01-22 18:12:08 - ArmyAttendance - INFO - Directory created/verified: face_embeddings
2026-01-22 18:12:08 - ArmyAttendance - INFO - Directory created/verified: static/uploads/employees
2026-01-22 18:12:08 - ArmyAttendance - INFO - Directory created/verified: static/uploads/attendance
2026-01-22 18:12:08 - ArmyAttendance - INFO - Directory created/verified: static/css
2026-01-22 18:12:08 - ArmyAttendance - INFO - Directory created/verified: static/js
2026-01-22 18:12:08 - ArmyAttendance - INFO - Directory created/verified: static/images
2026-01-22 18:12:08 - ArmyAttendance - INFO - ✓ Face recognition engine initialized successfully
2026-01-22 18:12:08 - ArmyAttendance - INFO - ==================================================
2026-01-22 18:12:08 - ArmyAttendance - INFO - 🎖️  ARMY FACE ATTENDANCE SYSTEM
2026-01-22 18:12:08 - ArmyAttendance - INFO - ==================================================
2026-01-22 18:12:08 - ArmyAttendance - INFO - ✓ Application initialized successfully
2026-01-22 18:12:08 - ArmyAttendance - INFO - ✓ Debug mode: False
2026-01-22 18:12:08 - ArmyAttendance - INFO - ✓ Database: army_attendance
2026-01-22 18:12:08 - ArmyAttendance - INFO - ✓ Cache busting: ENABLED
2026-01-22 18:12:08 - ArmyAttendance - INFO - ==================================================
2026-01-22 18:12:08 - ArmyAttendance - INFO - ✓ Database tables created/verified
2026-01-22 18:12:08 - ArmyAttendance - INFO - ✓ Python cache cleared
2026-01-22 18:12:52 - ArmyAttendance - INFO - Initializing InsightFace Model...
2026-01-22 18:12:53 - ArmyAttendance - INFO - Loaded 2 face embeddings
2026-01-22 18:12:53 - ArmyAttendance - INFO - Face Recognition Engine initialized successfully
2026-01-22 18:12:53 - ArmyAttendance - WARNING - MediaPipe not available, using OpenCV fallback
2026-01-22 18:12:53 - ArmyAttendance - INFO - ✓ Liveness Detector initialized successfully
2026-01-22 18:12:53 - ArmyAttendance - INFO - Directory created/verified: logs
2026-01-22 18:12:53 - ArmyAttendance - INFO - Directory created/verified: face_embeddings
2026-01-22 18:12:53 - ArmyAttendance - INFO - Directory created/verified: static/uploads/employees
2026-01-22 18:12:53 - ArmyAttendance - INFO - Directory created/verified: static/uploads/attendance
2026-01-22 18:12:53 - ArmyAttendance - INFO - Directory created/verified: static/css
2026-01-22 18:12:53 - ArmyAttendance - INFO - Directory created/verified: static/js
2026-01-22 18:12:53 - ArmyAttendance - INFO - Directory created/verified: static/images
2026-01-22 18:12:53 - ArmyAttendance - INFO - ✓ Face recognition engine initialized successfully
2026-01-22 18:12:53 - ArmyAttendance - INFO - ==================================================
2026-01-22 18:12:53 - ArmyAttendance - INFO - 🎖️  ARMY FACE ATTENDANCE SYSTEM
2026-01-22 18:12:53 - ArmyAttendance - INFO - ==================================================
2026-01-22 18:12:53 - ArmyAttendance - INFO - ✓ Application initialized successfully
2026-01-22 18:12:53 - ArmyAttendance - INFO - ✓ Debug mode: False
2026-01-22 18:12:53 - ArmyAttendance - INFO - ✓ Database: army_attendance
2026-01-22 18:12:53 - ArmyAttendance - INFO - ✓ Cache busting: ENABLED
2026-01-22 18:12:53 - ArmyAttendance - INFO - ==================================================
2026-01-22 18:12:53 - ArmyAttendance - INFO - ✓ Database tables created/verified
2026-01-22 18:12:53 - ArmyAttendance - INFO - ✓ Python cache cleared
2026-01-22 18:16:44 - ArmyAttendance - INFO - Initializing InsightFace Model...
2026-01-22 18:16:44 - ArmyAttendance - INFO - Loaded 2 face embeddings
2026-01-22 18:16:44 - ArmyAttendance - INFO - Face Recognition Engine initialized successfully
2026-01-22 18:16:44 - ArmyAttendance - WARNING - MediaPipe not available, using OpenCV fallback
2026-01-22 18:16:44 - ArmyAttendance - INFO - ✓ Liveness Detector initialized successfully
2026-01-22 18:16:44 - ArmyAttendance - INFO - Directory created/verified: logs
2026-01-22 18:16:44 - ArmyAttendance - INFO - Directory created/verified: face_embeddings
2026-01-22 18:16:44 - ArmyAttendance - INFO - Directory created/verified: static/uploads/employees
2026-01-22 18:16:44 - ArmyAttendance - INFO - Directory created/verified: static/uploads/attendance
2026-01-22 18:16:44 - ArmyAttendance - INFO - Directory created/verified: static/css
2026-01-22 18:16:44 - ArmyAttendance - INFO - Directory created/verified: static/js
2026-01-22 18:16:44 - ArmyAttendance - INFO - Directory created/verified: static/images
2026-01-22 18:16:44 - ArmyAttendance - INFO - ✓ Face recognition engine initialized successfully
2026-01-22 18:16:44 - ArmyAttendance - INFO - ==================================================
2026-01-22 18:16:44 - ArmyAttendance - INFO - 🎖️  ARMY FACE ATTENDANCE SYSTEM
2026-01-22 18:16:44 - ArmyAttendance - INFO - ==================================================
2026-01-22 18:16:44 - ArmyAttendance - INFO - ✓ Application initialized successfully
2026-01-22 18:16:44 - ArmyAttendance - INFO - ✓ Debug mode: False
2026-01-22 18:16:44 - ArmyAttendance - INFO - ✓ Database: army_attendance
2026-01-22 18:16:44 - ArmyAttendance - INFO - ✓ Cache busting: ENABLED
2026-01-22 18:16:44 - ArmyAttendance - INFO - ==================================================
2026-01-22 18:16:44 - ArmyAttendance - INFO - ✓ Database tables created/verified
2026-01-22 18:16:44 - ArmyAttendance - INFO - ✓ Python cache cleared
2026-01-22 18:17:18 - ArmyAttendance - INFO - Initializing InsightFace Model...
2026-01-22 18:17:18 - ArmyAttendance - INFO - Loaded 2 face embeddings
2026-01-22 18:17:18 - ArmyAttendance - INFO - Face Recognition Engine initialized successfully
2026-01-22 18:17:18 - ArmyAttendance - WARNING - MediaPipe not available, using OpenCV fallback
2026-01-22 18:17:18 - ArmyAttendance - INFO - ✓ Liveness Detector initialized successfully
2026-01-22 18:17:19 - ArmyAttendance - INFO - Directory created/verified: logs
2026-01-22 18:17:19 - ArmyAttendance - INFO - Directory created/verified: face_embeddings
2026-01-22 18:17:19 - ArmyAttendance - INFO - Directory created/verified: static/uploads/employees
2026-01-22 18:17:19 - ArmyAttendance - INFO - Directory created/verified: static/uploads/attendance
2026-01-22 18:17:19 - ArmyAttendance - INFO - Directory created/verified: static/css
2026-01-22 18:17:19 - ArmyAttendance - INFO - Directory created/verified: static/js
2026-01-22 18:17:19 - ArmyAttendance - INFO - Directory created/verified: static/images
2026-01-22 18:17:19 - ArmyAttendance - INFO - ✓ Face recognition engine initialized successfully
2026-01-22 18:17:19 - ArmyAttendance - INFO - ==================================================
2026-01-22 18:17:19 - ArmyAttendance - INFO - 🎖️  ARMY FACE ATTENDANCE SYSTEM
2026-01-22 18:17:19 - ArmyAttendance - INFO - ==================================================
2026-01-22 18:17:19 - ArmyAttendance - INFO - ✓ Application initialized successfully
2026-01-22 18:17:19 - ArmyAttendance - INFO - ✓ Debug mode: False
2026-01-22 18:17:19 - ArmyAttendance - INFO - ✓ Database: army_attendance
2026-01-22 18:17:19 - ArmyAttendance - INFO - ✓ Cache busting: ENABLED
2026-01-22 18:17:19 - ArmyAttendance - INFO - ==================================================
2026-01-22 18:17:19 - ArmyAttendance - INFO - ✓ Database tables created/verified
2026-01-22 18:17:19 - ArmyAttendance - INFO - ✓ Python cache cleared
2026-01-22 18:17:21 - ArmyAttendance - INFO - Initializing InsightFace Model...
2026-01-22 18:17:22 - ArmyAttendance - INFO - Loaded 2 face embeddings
2026-01-22 18:17:22 - ArmyAttendance - INFO - Face Recognition Engine initialized successfully
2026-01-22 18:17:22 - ArmyAttendance - WARNING - MediaPipe not available, using OpenCV fallback
2026-01-22 18:17:22 - ArmyAttendance - INFO - ✓ Liveness Detector initialized successfully
2026-01-22 18:17:23 - ArmyAttendance - INFO - Directory created/verified: logs
2026-01-22 18:17:23 - ArmyAttendance - INFO - Directory created/verified: face_embeddings
2026-01-22 18:17:23 - ArmyAttendance - INFO - Directory created/verified: static/uploads/employees
2026-01-22 18:17:23 - ArmyAttendance - INFO - Directory created/verified: static/uploads/attendance
2026-01-22 18:17:23 - ArmyAttendance - INFO - Directory created/verified: static/css
2026-01-22 18:17:23 - ArmyAttendance - INFO - Directory created/verified: static/js
2026-01-22 18:17:23 - ArmyAttendance - INFO - Directory created/verified: static/images
2026-01-22 18:17:23 - ArmyAttendance - INFO - ✓ Face recognition engine initialized successfully
2026-01-22 18:17:23 - ArmyAttendance - INFO - ==================================================
2026-01-22 18:17:23 - ArmyAttendance - INFO - 🎖️  ARMY FACE ATTENDANCE SYSTEM
2026-01-22 18:17:23 - ArmyAttendance - INFO - ==================================================
2026-01-22 18:17:23 - ArmyAttendance - INFO - ✓ Application initialized successfully
2026-01-22 18:17:23 - ArmyAttendance - INFO - ✓ Debug mode: False
2026-01-22 18:17:23 - ArmyAttendance - INFO - ✓ Database: army_attendance
2026-01-22 18:17:23 - ArmyAttendance - INFO - ✓ Cache busting: ENABLED
2026-01-22 18:17:23 - ArmyAttendance - INFO - ==================================================
2026-01-22 18:17:23 - ArmyAttendance - INFO - ✓ Database tables created/verified
2026-01-22 18:17:23 - ArmyAttendance - INFO - ✓ Python cache cleared
2026-01-22 18:25:22 - ArmyAttendance - ERROR - Error loading reports page: reports/index.html
Traceback (most recent call last):
  File "C:\Users\dell\army_face_attendance\routes\reports.py", line 48, in index
    return render_template('reports/index.html', stats=stats)
  File "C:\Users\dell\miniconda3\envs\army_env\lib\site-packages\flask\templating.py", line 151, in render_template
    template = app.jinja_env.get_or_select_template(template_name_or_list)
  File "C:\Users\dell\miniconda3\envs\army_env\lib\site-packages\jinja2\environment.py", line 1087, in get_or_select_template
    return self.get_template(template_name_or_list, parent, globals)
  File "C:\Users\dell\miniconda3\envs\army_env\lib\site-packages\jinja2\environment.py", line 1016, in get_template
    return self._load_template(name, globals)
  File "C:\Users\dell\miniconda3\envs\army_env\lib\site-packages\jinja2\environment.py", line 975, in _load_template
    template = self.loader.load(self, name, self.make_globals(globals))
  File "C:\Users\dell\miniconda3\envs\army_env\lib\site-packages\jinja2\loaders.py", line 126, in load
    source, filename, uptodate = self.get_source(environment, name)
  File "C:\Users\dell\miniconda3\envs\army_env\lib\site-packages\flask\templating.py", line 65, in get_source
    return self._get_source_fast(environment, template)
  File "C:\Users\dell\miniconda3\envs\army_env\lib\site-packages\flask\templating.py", line 99, in _get_source_fast
    raise TemplateNotFound(template)
jinja2.exceptions.TemplateNotFound: reports/index.html
2026-01-22 18:40:05 - ArmyAttendance - INFO - Initializing InsightFace Model...
2026-01-22 18:40:05 - ArmyAttendance - INFO - Loaded 2 face embeddings
2026-01-22 18:40:05 - ArmyAttendance - INFO - Face Recognition Engine initialized successfully
2026-01-22 18:40:05 - ArmyAttendance - WARNING - MediaPipe not available, using OpenCV fallback
2026-01-22 18:40:05 - ArmyAttendance - INFO - ✓ Liveness Detector initialized successfully
2026-01-22 18:40:05 - ArmyAttendance - INFO - Directory created/verified: logs
2026-01-22 18:40:05 - ArmyAttendance - INFO - Directory created/verified: face_embeddings
2026-01-22 18:40:05 - ArmyAttendance - INFO - Directory created/verified: static/uploads/employees
2026-01-22 18:40:05 - ArmyAttendance - INFO - Directory created/verified: static/uploads/attendance
2026-01-22 18:40:05 - ArmyAttendance - INFO - Directory created/verified: static/css
2026-01-22 18:40:05 - ArmyAttendance - INFO - Directory created/verified: static/js
2026-01-22 18:40:05 - ArmyAttendance - INFO - Directory created/verified: static/images
2026-01-22 18:40:05 - ArmyAttendance - INFO - ✓ Face recognition engine initialized successfully
2026-01-22 18:40:05 - ArmyAttendance - INFO - ==================================================
2026-01-22 18:40:05 - ArmyAttendance - INFO - 🎖️  ARMY FACE ATTENDANCE SYSTEM
2026-01-22 18:40:05 - ArmyAttendance - INFO - ==================================================
2026-01-22 18:40:05 - ArmyAttendance - INFO - ✓ Application initialized successfully
2026-01-22 18:40:05 - ArmyAttendance - INFO - ✓ Debug mode: False
2026-01-22 18:40:05 - ArmyAttendance - INFO - ✓ Database: army_attendance
2026-01-22 18:40:05 - ArmyAttendance - INFO - ✓ Cache busting: ENABLED
2026-01-22 18:40:05 - ArmyAttendance - INFO - ==================================================
2026-01-22 18:40:05 - ArmyAttendance - INFO - ✓ Database tables created/verified
2026-01-22 18:40:05 - ArmyAttendance - INFO - ✓ Python cache cleared
2026-01-22 18:40:09 - ArmyAttendance - INFO - Initializing InsightFace Model...
2026-01-22 18:40:09 - ArmyAttendance - INFO - Loaded 2 face embeddings
2026-01-22 18:40:09 - ArmyAttendance - INFO - Face Recognition Engine initialized successfully
2026-01-22 18:40:09 - ArmyAttendance - WARNING - MediaPipe not available, using OpenCV fallback
2026-01-22 18:40:09 - ArmyAttendance - INFO - ✓ Liveness Detector initialized successfully
2026-01-22 18:40:10 - ArmyAttendance - INFO - Directory created/verified: logs
2026-01-22 18:40:10 - ArmyAttendance - INFO - Directory created/verified: face_embeddings
2026-01-22 18:40:10 - ArmyAttendance - INFO - Directory created/verified: static/uploads/employees
2026-01-22 18:40:10 - ArmyAttendance - INFO - Directory created/verified: static/uploads/attendance
2026-01-22 18:40:10 - ArmyAttendance - INFO - Directory created/verified: static/css
2026-01-22 18:40:10 - ArmyAttendance - INFO - Directory created/verified: static/js
2026-01-22 18:40:10 - ArmyAttendance - INFO - Directory created/verified: static/images
2026-01-22 18:40:10 - ArmyAttendance - INFO - ✓ Face recognition engine initialized successfully
2026-01-22 18:40:10 - ArmyAttendance - INFO - ==================================================
2026-01-22 18:40:10 - ArmyAttendance - INFO - 🎖️  ARMY FACE ATTENDANCE SYSTEM
2026-01-22 18:40:10 - ArmyAttendance - INFO - ==================================================
2026-01-22 18:40:10 - ArmyAttendance - INFO - ✓ Application initialized successfully
2026-01-22 18:40:10 - ArmyAttendance - INFO - ✓ Debug mode: False
2026-01-22 18:40:10 - ArmyAttendance - INFO - ✓ Database: army_attendance
2026-01-22 18:40:10 - ArmyAttendance - INFO - ✓ Cache busting: ENABLED
2026-01-22 18:40:10 - ArmyAttendance - INFO - ==================================================
2026-01-22 18:40:10 - ArmyAttendance - INFO - ✓ Database tables created/verified
2026-01-22 18:40:10 - ArmyAttendance - INFO - ✓ Python cache cleared
2026-01-22 18:40:10 - ArmyAttendance - WARNING - 404 Error: 404 Not Found: The requested URL was not found on the server. If you entered the URL manually please check your spelling and try again.
2026-01-22 18:45:09 - ArmyAttendance - INFO - Initializing InsightFace Model...
2026-01-22 18:45:09 - ArmyAttendance - INFO - Loaded 2 face embeddings
2026-01-22 18:45:09 - ArmyAttendance - INFO - Face Recognition Engine initialized successfully
2026-01-22 18:45:09 - ArmyAttendance - WARNING - MediaPipe not available, using OpenCV fallback
2026-01-22 18:45:09 - ArmyAttendance - INFO - ✓ Liveness Detector initialized successfully
2026-01-22 18:45:10 - ArmyAttendance - INFO - Directory created/verified: logs
2026-01-22 18:45:10 - ArmyAttendance - INFO - Directory created/verified: face_embeddings
2026-01-22 18:45:10 - ArmyAttendance - INFO - Directory created/verified: static/uploads/employees
2026-01-22 18:45:10 - ArmyAttendance - INFO - Directory created/verified: static/uploads/attendance
2026-01-22 18:45:10 - ArmyAttendance - INFO - Directory created/verified: static/css
2026-01-22 18:45:10 - ArmyAttendance - INFO - Directory created/verified: static/js
2026-01-22 18:45:10 - ArmyAttendance - INFO - Directory created/verified: static/images
2026-01-22 18:45:10 - ArmyAttendance - INFO - ✓ Face recognition engine initialized successfully
2026-01-22 18:45:10 - ArmyAttendance - INFO - ==================================================
2026-01-22 18:45:10 - ArmyAttendance - INFO - 🎖️  ARMY FACE ATTENDANCE SYSTEM
2026-01-22 18:45:10 - ArmyAttendance - INFO - ==================================================
2026-01-22 18:45:10 - ArmyAttendance - INFO - ✓ Application initialized successfully
2026-01-22 18:45:10 - ArmyAttendance - INFO - ✓ Debug mode: False
2026-01-22 18:45:10 - ArmyAttendance - INFO - ✓ Database: army_attendance
2026-01-22 18:45:10 - ArmyAttendance - INFO - ✓ Cache busting: ENABLED
2026-01-22 18:45:10 - ArmyAttendance - INFO - ==================================================
2026-01-22 18:45:10 - ArmyAttendance - INFO - ✓ Database tables created/verified
2026-01-22 18:45:10 - ArmyAttendance - INFO - ✓ Python cache cleared
2026-01-22 18:45:13 - ArmyAttendance - INFO - Initializing InsightFace Model...
2026-01-22 18:45:14 - ArmyAttendance - INFO - Loaded 2 face embeddings
2026-01-22 18:45:14 - ArmyAttendance - INFO - Face Recognition Engine initialized successfully
2026-01-22 18:45:14 - ArmyAttendance - WARNING - MediaPipe not available, using OpenCV fallback
2026-01-22 18:45:14 - ArmyAttendance - INFO - ✓ Liveness Detector initialized successfully
2026-01-22 18:45:14 - ArmyAttendance - INFO - Directory created/verified: logs
2026-01-22 18:45:14 - ArmyAttendance - INFO - Directory created/verified: face_embeddings
2026-01-22 18:45:14 - ArmyAttendance - INFO - Directory created/verified: static/uploads/employees
2026-01-22 18:45:14 - ArmyAttendance - INFO - Directory created/verified: static/uploads/attendance
2026-01-22 18:45:14 - ArmyAttendance - INFO - Directory created/verified: static/css
2026-01-22 18:45:14 - ArmyAttendance - INFO - Directory created/verified: static/js
2026-01-22 18:45:14 - ArmyAttendance - INFO - Directory created/verified: static/images
2026-01-22 18:45:14 - ArmyAttendance - INFO - ✓ Face recognition engine initialized successfully
2026-01-22 18:45:14 - ArmyAttendance - INFO - ==================================================
2026-01-22 18:45:14 - ArmyAttendance - INFO - 🎖️  ARMY FACE ATTENDANCE SYSTEM
2026-01-22 18:45:14 - ArmyAttendance - INFO - ==================================================
2026-01-22 18:45:14 - ArmyAttendance - INFO - ✓ Application initialized successfully
2026-01-22 18:45:14 - ArmyAttendance - INFO - ✓ Debug mode: False
2026-01-22 18:45:14 - ArmyAttendance - INFO - ✓ Database: army_attendance
2026-01-22 18:45:14 - ArmyAttendance - INFO - ✓ Cache busting: ENABLED
2026-01-22 18:45:14 - ArmyAttendance - INFO - ==================================================
2026-01-22 18:45:14 - ArmyAttendance - INFO - ✓ Database tables created/verified
2026-01-22 18:45:14 - ArmyAttendance - INFO - ✓ Python cache cleared
2026-01-22 18:46:11 - ArmyAttendance - INFO - User logged in: admin
2026-01-22 18:56:31 - ArmyAttendance - ERROR - Error loading reports page: reports/index.html
Traceback (most recent call last):
  File "C:\Users\dell\army_face_attendance\routes\reports.py", line 48, in index
    return render_template('reports/index.html', stats=stats)
  File "C:\Users\dell\miniconda3\envs\army_env\lib\site-packages\flask\templating.py", line 151, in render_template
    template = app.jinja_env.get_or_select_template(template_name_or_list)
  File "C:\Users\dell\miniconda3\envs\army_env\lib\site-packages\jinja2\environment.py", line 1087, in get_or_select_template
    return self.get_template(template_name_or_list, parent, globals)
  File "C:\Users\dell\miniconda3\envs\army_env\lib\site-packages\jinja2\environment.py", line 1016, in get_template
    return self._load_template(name, globals)
  File "C:\Users\dell\miniconda3\envs\army_env\lib\site-packages\jinja2\environment.py", line 975, in _load_template
    template = self.loader.load(self, name, self.make_globals(globals))
  File "C:\Users\dell\miniconda3\envs\army_env\lib\site-packages\jinja2\loaders.py", line 126, in load
    source, filename, uptodate = self.get_source(environment, name)
  File "C:\Users\dell\miniconda3\envs\army_env\lib\site-packages\flask\templating.py", line 65, in get_source
    return self._get_source_fast(environment, template)
  File "C:\Users\dell\miniconda3\envs\army_env\lib\site-packages\flask\templating.py", line 99, in _get_source_fast
    raise TemplateNotFound(template)
jinja2.exceptions.TemplateNotFound: reports/index.html
2026-01-22 18:57:35 - ArmyAttendance - INFO - Processing attendance request...
2026-01-22 18:57:35 - ArmyAttendance - INFO - Liveness check: 28.61% - FAILED
2026-01-22 18:57:35 - ArmyAttendance - WARNING - 404 Error: 404 Not Found: The requested URL was not found on the server. If you entered the URL manually please check your spelling and try again.
2026-01-22 18:57:48 - ArmyAttendance - INFO - Processing attendance request...
2026-01-22 18:57:48 - ArmyAttendance - INFO - Liveness check: 28.26% - FAILED
2026-01-22 19:38:46 - ArmyAttendance - INFO - User logged in: admin
2026-01-22 19:39:18 - ArmyAttendance - ERROR - Error loading reports page: reports/index.html
Traceback (most recent call last):
  File "C:\Users\dell\army_face_attendance\routes\reports.py", line 48, in index
    return render_template('reports/index.html', stats=stats)
  File "C:\Users\dell\miniconda3\envs\army_env\lib\site-packages\flask\templating.py", line 151, in render_template
    template = app.jinja_env.get_or_select_template(template_name_or_list)
  File "C:\Users\dell\miniconda3\envs\army_env\lib\site-packages\jinja2\environment.py", line 1087, in get_or_select_template
    return self.get_template(template_name_or_list, parent, globals)
  File "C:\Users\dell\miniconda3\envs\army_env\lib\site-packages\jinja2\environment.py", line 1016, in get_template
    return self._load_template(name, globals)
  File "C:\Users\dell\miniconda3\envs\army_env\lib\site-packages\jinja2\environment.py", line 975, in _load_template
    template = self.loader.load(self, name, self.make_globals(globals))
  File "C:\Users\dell\miniconda3\envs\army_env\lib\site-packages\jinja2\loaders.py", line 126, in load
    source, filename, uptodate = self.get_source(environment, name)
  File "C:\Users\dell\miniconda3\envs\army_env\lib\site-packages\flask\templating.py", line 65, in get_source
    return self._get_source_fast(environment, template)
  File "C:\Users\dell\miniconda3\envs\army_env\lib\site-packages\flask\templating.py", line 99, in _get_source_fast
    raise TemplateNotFound(template)
jinja2.exceptions.TemplateNotFound: reports/index.html
2026-01-22 20:23:44 - ArmyAttendance - INFO - Initializing InsightFace Model...
2026-01-22 20:23:45 - ArmyAttendance - INFO - Loaded 2 face embeddings
2026-01-22 20:23:45 - ArmyAttendance - INFO - Face Recognition Engine initialized successfully
2026-01-22 20:23:45 - ArmyAttendance - WARNING - MediaPipe not available, using OpenCV fallback
2026-01-22 20:23:45 - ArmyAttendance - INFO - ✓ Liveness Detector initialized successfully
2026-01-22 20:23:46 - ArmyAttendance - INFO - Directory created/verified: logs
2026-01-22 20:23:46 - ArmyAttendance - INFO - Directory created/verified: face_embeddings
2026-01-22 20:23:46 - ArmyAttendance - INFO - Directory created/verified: static/uploads/employees
2026-01-22 20:23:46 - ArmyAttendance - INFO - Directory created/verified: static/uploads/attendance
2026-01-22 20:23:46 - ArmyAttendance - INFO - Directory created/verified: static/css
2026-01-22 20:23:46 - ArmyAttendance - INFO - Directory created/verified: static/js
2026-01-22 20:23:46 - ArmyAttendance - INFO - Directory created/verified: static/images
2026-01-22 20:23:46 - ArmyAttendance - INFO - ✓ Face recognition engine initialized successfully
2026-01-22 20:23:46 - ArmyAttendance - INFO - ==================================================
2026-01-22 20:23:46 - ArmyAttendance - INFO - 🎖️  ARMY FACE ATTENDANCE SYSTEM
2026-01-22 20:23:46 - ArmyAttendance - INFO - ==================================================
2026-01-22 20:23:46 - ArmyAttendance - INFO - ✓ Application initialized successfully
2026-01-22 20:23:46 - ArmyAttendance - INFO - ✓ Debug mode: False
2026-01-22 20:23:46 - ArmyAttendance - INFO - ✓ Database: army_attendance
2026-01-22 20:23:46 - ArmyAttendance - INFO - ✓ Cache busting: ENABLED
2026-01-22 20:23:46 - ArmyAttendance - INFO - ==================================================
2026-01-22 20:23:46 - ArmyAttendance - INFO - ✓ Database tables created/verified
2026-01-22 20:23:46 - ArmyAttendance - INFO - ✓ Python cache cleared
2026-01-22 20:25:08 - ArmyAttendance - INFO - Initializing InsightFace Model...
2026-01-22 20:25:08 - ArmyAttendance - INFO - Loaded 2 face embeddings
2026-01-22 20:25:08 - ArmyAttendance - INFO - Face Recognition Engine initialized successfully
2026-01-22 20:25:08 - ArmyAttendance - WARNING - MediaPipe not available, using OpenCV fallback
2026-01-22 20:25:08 - ArmyAttendance - INFO - ✓ Liveness Detector initialized successfully
2026-01-22 20:25:09 - ArmyAttendance - INFO - Directory created/verified: logs
2026-01-22 20:25:09 - ArmyAttendance - INFO - Directory created/verified: face_embeddings
2026-01-22 20:25:09 - ArmyAttendance - INFO - Directory created/verified: static/uploads/employees
2026-01-22 20:25:09 - ArmyAttendance - INFO - Directory created/verified: static/uploads/attendance
2026-01-22 20:25:09 - ArmyAttendance - INFO - Directory created/verified: static/css
2026-01-22 20:25:09 - ArmyAttendance - INFO - Directory created/verified: static/js
2026-01-22 20:25:09 - ArmyAttendance - INFO - Directory created/verified: static/images
2026-01-22 20:25:09 - ArmyAttendance - INFO - ✓ Face recognition engine initialized successfully
2026-01-22 20:25:09 - ArmyAttendance - INFO - ==================================================
2026-01-22 20:25:09 - ArmyAttendance - INFO - 🎖️  ARMY FACE ATTENDANCE SYSTEM
2026-01-22 20:25:09 - ArmyAttendance - INFO - ==================================================
2026-01-22 20:25:09 - ArmyAttendance - INFO - ✓ Application initialized successfully
2026-01-22 20:25:09 - ArmyAttendance - INFO - ✓ Debug mode: False
2026-01-22 20:25:09 - ArmyAttendance - INFO - ✓ Database: army_attendance
2026-01-22 20:25:09 - ArmyAttendance - INFO - ✓ Cache busting: ENABLED
2026-01-22 20:25:09 - ArmyAttendance - INFO - ==================================================
2026-01-22 20:25:09 - ArmyAttendance - INFO - ✓ Database tables created/verified
2026-01-22 20:25:09 - ArmyAttendance - INFO - ✓ Python cache cleared
2026-01-22 20:25:13 - ArmyAttendance - INFO - Initializing InsightFace Model...
2026-01-22 20:25:13 - ArmyAttendance - INFO - Loaded 2 face embeddings
2026-01-22 20:25:13 - ArmyAttendance - INFO - Face Recognition Engine initialized successfully
2026-01-22 20:25:13 - ArmyAttendance - WARNING - MediaPipe not available, using OpenCV fallback
2026-01-22 20:25:13 - ArmyAttendance - INFO - ✓ Liveness Detector initialized successfully
2026-01-22 20:25:13 - ArmyAttendance - INFO - Directory created/verified: logs
2026-01-22 20:25:13 - ArmyAttendance - INFO - Directory created/verified: face_embeddings
2026-01-22 20:25:13 - ArmyAttendance - INFO - Directory created/verified: static/uploads/employees
2026-01-22 20:25:13 - ArmyAttendance - INFO - Directory created/verified: static/uploads/attendance
2026-01-22 20:25:13 - ArmyAttendance - INFO - Directory created/verified: static/css
2026-01-22 20:25:13 - ArmyAttendance - INFO - Directory created/verified: static/js
2026-01-22 20:25:13 - ArmyAttendance - INFO - Directory created/verified: static/images
2026-01-22 20:25:13 - ArmyAttendance - INFO - ✓ Face recognition engine initialized successfully
2026-01-22 20:25:13 - ArmyAttendance - INFO - ==================================================
2026-01-22 20:25:13 - ArmyAttendance - INFO - 🎖️  ARMY FACE ATTENDANCE SYSTEM
2026-01-22 20:25:13 - ArmyAttendance - INFO - ==================================================
2026-01-22 20:25:13 - ArmyAttendance - INFO - ✓ Application initialized successfully
2026-01-22 20:25:13 - ArmyAttendance - INFO - ✓ Debug mode: False
2026-01-22 20:25:13 - ArmyAttendance - INFO - ✓ Database: army_attendance
2026-01-22 20:25:13 - ArmyAttendance - INFO - ✓ Cache busting: ENABLED
2026-01-22 20:25:13 - ArmyAttendance - INFO - ==================================================
2026-01-22 20:25:13 - ArmyAttendance - INFO - ✓ Database tables created/verified
2026-01-22 20:25:13 - ArmyAttendance - INFO - ✓ Python cache cleared
2026-01-22 20:37:33 - ArmyAttendance - INFO - Initializing InsightFace Model...
2026-01-22 20:38:00 - ArmyAttendance - INFO - Initializing InsightFace Model...
2026-01-22 20:38:00 - ArmyAttendance - INFO - Loaded 2 face embeddings
2026-01-22 20:38:00 - ArmyAttendance - INFO - Face Recognition Engine initialized successfully
2026-01-22 20:38:00 - ArmyAttendance - WARNING - MediaPipe not available, using OpenCV fallback
2026-01-22 20:38:00 - ArmyAttendance - INFO - ✓ Liveness Detector initialized successfully
2026-01-22 20:38:01 - ArmyAttendance - INFO - Directory created/verified: logs
2026-01-22 20:38:01 - ArmyAttendance - INFO - Directory created/verified: face_embeddings
2026-01-22 20:38:01 - ArmyAttendance - INFO - Directory created/verified: static/uploads/employees
2026-01-22 20:38:01 - ArmyAttendance - INFO - Directory created/verified: static/uploads/attendance
2026-01-22 20:38:01 - ArmyAttendance - INFO - Directory created/verified: static/css
2026-01-22 20:38:01 - ArmyAttendance - INFO - Directory created/verified: static/js
2026-01-22 20:38:01 - ArmyAttendance - INFO - Directory created/verified: static/images
2026-01-22 20:38:01 - ArmyAttendance - INFO - ✓ Face recognition engine initialized successfully
2026-01-22 20:38:01 - ArmyAttendance - INFO - ==================================================
2026-01-22 20:38:01 - ArmyAttendance - INFO - 🎖️  ARMY FACE ATTENDANCE SYSTEM
2026-01-22 20:38:01 - ArmyAttendance - INFO - ==================================================
2026-01-22 20:38:01 - ArmyAttendance - INFO - ✓ Application initialized successfully
2026-01-22 20:38:01 - ArmyAttendance - INFO - ✓ Debug mode: False
2026-01-22 20:38:01 - ArmyAttendance - INFO - ✓ Database: army_attendance
2026-01-22 20:38:01 - ArmyAttendance - INFO - ✓ Cache busting: ENABLED
2026-01-22 20:38:01 - ArmyAttendance - INFO - ==================================================
2026-01-22 20:38:01 - ArmyAttendance - INFO - ✓ Database tables created/verified
2026-01-22 20:38:01 - ArmyAttendance - INFO - ✓ Python cache cleared
2026-01-22 20:38:04 - ArmyAttendance - INFO - Initializing InsightFace Model...
2026-01-22 20:38:05 - ArmyAttendance - INFO - Loaded 2 face embeddings
2026-01-22 20:38:05 - ArmyAttendance - INFO - Face Recognition Engine initialized successfully
2026-01-22 20:38:05 - ArmyAttendance - WARNING - MediaPipe not available, using OpenCV fallback
2026-01-22 20:38:05 - ArmyAttendance - INFO - ✓ Liveness Detector initialized successfully
2026-01-22 20:38:05 - ArmyAttendance - INFO - Directory created/verified: logs
2026-01-22 20:38:05 - ArmyAttendance - INFO - Directory created/verified: face_embeddings
2026-01-22 20:38:05 - ArmyAttendance - INFO - Directory created/verified: static/uploads/employees
2026-01-22 20:38:05 - ArmyAttendance - INFO - Directory created/verified: static/uploads/attendance
2026-01-22 20:38:05 - ArmyAttendance - INFO - Directory created/verified: static/css
2026-01-22 20:38:05 - ArmyAttendance - INFO - Directory created/verified: static/js
2026-01-22 20:38:05 - ArmyAttendance - INFO - Directory created/verified: static/images
2026-01-22 20:38:05 - ArmyAttendance - INFO - ✓ Face recognition engine initialized successfully
2026-01-22 20:38:05 - ArmyAttendance - INFO - ==================================================
2026-01-22 20:38:05 - ArmyAttendance - INFO - 🎖️  ARMY FACE ATTENDANCE SYSTEM
2026-01-22 20:38:05 - ArmyAttendance - INFO - ==================================================
2026-01-22 20:38:05 - ArmyAttendance - INFO - ✓ Application initialized successfully
2026-01-22 20:38:05 - ArmyAttendance - INFO - ✓ Debug mode: False
2026-01-22 20:38:05 - ArmyAttendance - INFO - ✓ Database: army_attendance
2026-01-22 20:38:05 - ArmyAttendance - INFO - ✓ Cache busting: ENABLED
2026-01-22 20:38:05 - ArmyAttendance - INFO - ==================================================
2026-01-22 20:38:05 - ArmyAttendance - INFO - ✓ Database tables created/verified
2026-01-22 20:38:05 - ArmyAttendance - INFO - ✓ Python cache cleared
2026-01-22 20:39:15 - ArmyAttendance - INFO - === Employee Registration Started ===
2026-01-22 20:39:15 - ArmyAttendance - INFO - Registration request for: 232d - shivam
2026-01-22 20:39:15 - ArmyAttendance - INFO - Upload folder created: static/uploads/employees\232d
2026-01-22 20:39:15 - ArmyAttendance - INFO - Processing base64 multi-angle photos...
2026-01-22 20:39:15 - ArmyAttendance - INFO - Saved front photo: static/uploads/employees\232d\232d_front_20260122_203915.jpg
2026-01-22 20:39:15 - ArmyAttendance - INFO - Saved left photo: static/uploads/employees\232d\232d_left_20260122_203915.jpg
2026-01-22 20:39:15 - ArmyAttendance - INFO - Saved right photo: static/uploads/employees\232d\232d_right_20260122_203915.jpg
2026-01-22 20:39:15 - ArmyAttendance - INFO - Selecting best quality photo from multiple angles...
2026-01-22 20:39:15 - ArmyAttendance - INFO - Face quality calculated: 0.829 (size: 1.00, brightness: 0.79, sharpness: 0.23, det: 0.80, pose: 0.85)
2026-01-22 20:39:15 - ArmyAttendance - INFO - Quality score for front: 0.83
2026-01-22 20:39:15 - ArmyAttendance - INFO - Face quality calculated: 0.796 (size: 1.00, brightness: 0.87, sharpness: 0.20, det: 0.70, pose: 0.85)
2026-01-22 20:39:15 - ArmyAttendance - INFO - Quality score for left: 0.80
2026-01-22 20:39:15 - ArmyAttendance - INFO - Face quality calculated: 0.788 (size: 1.00, brightness: 0.80, sharpness: 0.22, det: 0.69, pose: 0.85)
2026-01-22 20:39:15 - ArmyAttendance - INFO - Quality score for right: 0.79
2026-01-22 20:39:15 - ArmyAttendance - INFO - Best photo: front with quality 0.83
2026-01-22 20:39:17 - ArmyAttendance - INFO - Photo enhanced successfully
2026-01-22 20:39:17 - ArmyAttendance - INFO - Registering face for: 232d
2026-01-22 20:39:17 - ArmyAttendance - INFO - Registering face for 232d, original image shape: (720, 1280, 3)
2026-01-22 20:39:17 - ArmyAttendance - INFO - Auto-enhancing image quality...
2026-01-22 20:39:17 - ArmyAttendance - INFO - Contrast enhanced with CLAHE
2026-01-22 20:39:17 - ArmyAttendance - INFO - Sharpness enhanced
2026-01-22 20:39:19 - ArmyAttendance - INFO - Noise reduced
2026-01-22 20:39:19 - ArmyAttendance - INFO - White balance corrected
2026-01-22 20:39:19 - ArmyAttendance - INFO - ✓ Image quality enhancement completed
2026-01-22 20:39:19 - ArmyAttendance - INFO - Enhanced image saved to static/uploads/employees\232d\232d_front_20260122_203915.jpg
2026-01-22 20:39:19 - ArmyAttendance - INFO - Auto-enhancing image quality...
2026-01-22 20:39:19 - ArmyAttendance - INFO - Contrast enhanced with CLAHE
2026-01-22 20:39:19 - ArmyAttendance - INFO - Sharpness enhanced
2026-01-22 20:39:20 - ArmyAttendance - INFO - Noise reduced
2026-01-22 20:39:20 - ArmyAttendance - INFO - White balance corrected
2026-01-22 20:39:20 - ArmyAttendance - INFO - ✓ Image quality enhancement completed
2026-01-22 20:39:20 - ArmyAttendance - INFO - Auto-enhancing image quality...
2026-01-22 20:39:20 - ArmyAttendance - INFO - Contrast enhanced with CLAHE
2026-01-22 20:39:20 - ArmyAttendance - INFO - Sharpness enhanced
2026-01-22 20:39:21 - ArmyAttendance - INFO - Noise reduced
2026-01-22 20:39:21 - ArmyAttendance - INFO - White balance corrected
2026-01-22 20:39:21 - ArmyAttendance - INFO - ✓ Image quality enhancement completed
2026-01-22 20:39:21 - ArmyAttendance - INFO - Saved 3 face embeddings
2026-01-22 20:39:21 - ArmyAttendance - INFO - ✓ Face registered successfully for employee 232d (confidence: 0.65)
2026-01-22 20:39:21 - ArmyAttendance - INFO - Face registered successfully. Embedding ID: EMB_232d_2
2026-01-22 20:39:21 - ArmyAttendance - INFO - ✓ Employee registered: 232d - shivam by admin
2026-01-22 20:39:21 - ArmyAttendance - WARNING - Slow request: 6.48s - registration.register_employee
2026-01-22 20:39:45 - ArmyAttendance - INFO - Processing attendance request...
2026-01-22 20:39:45 - ArmyAttendance - INFO - Liveness: 32.23% - FAIL
2026-01-22 20:39:46 - ArmyAttendance - WARNING - 404 Error: 404 Not Found: The requested URL was not found on the server. If you entered the URL manually please check your spelling and try again.
2026-01-22 20:39:54 - ArmyAttendance - INFO - Processing attendance request...
2026-01-22 20:39:55 - ArmyAttendance - INFO - Liveness: 32.33% - FAIL
2026-01-22 20:40:02 - ArmyAttendance - INFO - Processing attendance request...
2026-01-22 20:40:02 - ArmyAttendance - INFO - Liveness: 31.13% - FAIL
2026-01-22 20:40:06 - ArmyAttendance - INFO - Processing attendance request...
2026-01-22 20:40:07 - ArmyAttendance - INFO - Liveness: 31.65% - FAIL
2026-01-22 20:40:14 - ArmyAttendance - INFO - Processing attendance request...
2026-01-22 20:40:14 - ArmyAttendance - INFO - Liveness: 32.31% - FAIL
2026-01-22 20:40:19 - ArmyAttendance - INFO - Processing attendance request...
2026-01-22 20:40:19 - ArmyAttendance - INFO - Liveness: 32.27% - FAIL
2026-01-22 20:40:29 - ArmyAttendance - INFO - Processing attendance request...
2026-01-22 20:40:29 - ArmyAttendance - INFO - Liveness: 31.89% - FAIL
2026-01-22 20:46:46 - ArmyAttendance - INFO - Processing attendance request...
2026-01-22 20:46:46 - ArmyAttendance - INFO - Liveness: 32.73% - FAIL
2026-01-22 20:48:06 - ArmyAttendance - INFO - ============================================================
2026-01-22 20:48:06 - ArmyAttendance - INFO - Initializing Face Recognition Engine v2.0
2026-01-22 20:48:06 - ArmyAttendance - INFO - ============================================================
2026-01-22 20:48:06 - ArmyAttendance - INFO - Loaded 3 face embeddings from disk
2026-01-22 20:48:06 - ArmyAttendance - INFO - ✓ Engine initialized with 3 faces
2026-01-22 20:48:06 - ArmyAttendance - INFO - ============================================================
2026-01-22 20:48:06 - ArmyAttendance - WARNING - MediaPipe not available, using OpenCV fallback
2026-01-22 20:48:06 - ArmyAttendance - INFO - ✓ Liveness Detector initialized successfully
2026-01-22 20:48:07 - ArmyAttendance - INFO - Directory created/verified: logs
2026-01-22 20:48:07 - ArmyAttendance - INFO - Directory created/verified: face_embeddings
2026-01-22 20:48:07 - ArmyAttendance - INFO - Directory created/verified: static/uploads/employees
2026-01-22 20:48:07 - ArmyAttendance - INFO - Directory created/verified: static/uploads/attendance
2026-01-22 20:48:07 - ArmyAttendance - INFO - Directory created/verified: static/css
2026-01-22 20:48:07 - ArmyAttendance - INFO - Directory created/verified: static/js
2026-01-22 20:48:07 - ArmyAttendance - INFO - Directory created/verified: static/images
2026-01-22 20:48:07 - ArmyAttendance - INFO - ✓ Face recognition engine initialized successfully
2026-01-22 20:48:07 - ArmyAttendance - INFO - ==================================================
2026-01-22 20:48:07 - ArmyAttendance - INFO - 🎖️  ARMY FACE ATTENDANCE SYSTEM
2026-01-22 20:48:07 - ArmyAttendance - INFO - ==================================================
2026-01-22 20:48:07 - ArmyAttendance - INFO - ✓ Application initialized successfully
2026-01-22 20:48:07 - ArmyAttendance - INFO - ✓ Debug mode: False
2026-01-22 20:48:07 - ArmyAttendance - INFO - ✓ Database: army_attendance
2026-01-22 20:48:07 - ArmyAttendance - INFO - ✓ Cache busting: ENABLED
2026-01-22 20:48:07 - ArmyAttendance - INFO - ==================================================
2026-01-22 20:48:07 - ArmyAttendance - INFO - ✓ Database tables created/verified
2026-01-22 20:48:07 - ArmyAttendance - INFO - ✓ Python cache cleared
2026-01-22 20:54:29 - ArmyAttendance - ERROR - 500 Error: 500 Internal Server Error: The server encountered an internal error and was unable to complete your request. Either the server is overloaded or there is an error in the application.
2026-01-22 20:54:31 - ArmyAttendance - ERROR - 500 Error: 500 Internal Server Error: The server encountered an internal error and was unable to complete your request. Either the server is overloaded or there is an error in the application.
2026-01-22 20:54:53 - ArmyAttendance - ERROR - 500 Error: 500 Internal Server Error: The server encountered an internal error and was unable to complete your request. Either the server is overloaded or there is an error in the application.
2026-01-22 20:57:40 - ArmyAttendance - INFO - ============================================================
2026-01-22 20:57:40 - ArmyAttendance - INFO - Initializing Face Recognition Engine v2.0
2026-01-22 20:57:40 - ArmyAttendance - INFO - ============================================================
2026-01-22 20:57:40 - ArmyAttendance - INFO - Loaded 3 face embeddings from disk
2026-01-22 20:57:40 - ArmyAttendance - INFO - ✓ Engine initialized with 3 faces
2026-01-22 20:57:40 - ArmyAttendance - INFO - ============================================================
2026-01-22 20:57:41 - ArmyAttendance - WARNING - MediaPipe not available, using OpenCV fallback
2026-01-22 20:57:41 - ArmyAttendance - INFO - ✓ Liveness Detector initialized successfully
2026-01-22 20:57:41 - ArmyAttendance - INFO - Directory created/verified: logs
2026-01-22 20:57:41 - ArmyAttendance - INFO - Directory created/verified: face_embeddings
2026-01-22 20:57:41 - ArmyAttendance - INFO - Directory created/verified: static/uploads/employees
2026-01-22 20:57:41 - ArmyAttendance - INFO - Directory created/verified: static/uploads/attendance
2026-01-22 20:57:41 - ArmyAttendance - INFO - Directory created/verified: static/css
2026-01-22 20:57:41 - ArmyAttendance - INFO - Directory created/verified: static/js
2026-01-22 20:57:41 - ArmyAttendance - INFO - Directory created/verified: static/images
2026-01-22 20:57:41 - ArmyAttendance - INFO - ✓ Face recognition engine initialized successfully
2026-01-22 20:57:41 - ArmyAttendance - INFO - ==================================================
2026-01-22 20:57:41 - ArmyAttendance - INFO - 🎖️  ARMY FACE ATTENDANCE SYSTEM
2026-01-22 20:57:41 - ArmyAttendance - INFO - ==================================================
2026-01-22 20:57:41 - ArmyAttendance - INFO - ✓ Application initialized successfully
2026-01-22 20:57:41 - ArmyAttendance - INFO - ✓ Debug mode: False
2026-01-22 20:57:41 - ArmyAttendance - INFO - ✓ Database: army_attendance
2026-01-22 20:57:41 - ArmyAttendance - INFO - ✓ Cache busting: ENABLED
2026-01-22 20:57:41 - ArmyAttendance - INFO - ==================================================
2026-01-22 20:57:41 - ArmyAttendance - INFO - ✓ Database tables created/verified
2026-01-22 20:57:41 - ArmyAttendance - INFO - ✓ Python cache cleared
2026-01-22 20:58:22 - ArmyAttendance - INFO - ============================================================
2026-01-22 20:58:22 - ArmyAttendance - INFO - Initializing Face Recognition Engine v2.0
2026-01-22 20:58:22 - ArmyAttendance - INFO - ============================================================
2026-01-22 20:58:22 - ArmyAttendance - INFO - Loaded 3 face embeddings from disk
2026-01-22 20:58:22 - ArmyAttendance - INFO - ✓ Engine initialized with 3 faces
2026-01-22 20:58:22 - ArmyAttendance - INFO - ============================================================
2026-01-22 20:58:22 - ArmyAttendance - WARNING - MediaPipe not available, using OpenCV fallback
2026-01-22 20:58:22 - ArmyAttendance - INFO - ✓ Liveness Detector initialized successfully
2026-01-22 20:58:23 - ArmyAttendance - INFO - Directory created/verified: logs
2026-01-22 20:58:23 - ArmyAttendance - INFO - Directory created/verified: face_embeddings
2026-01-22 20:58:23 - ArmyAttendance - INFO - Directory created/verified: static/uploads/employees
2026-01-22 20:58:23 - ArmyAttendance - INFO - Directory created/verified: static/uploads/attendance
2026-01-22 20:58:23 - ArmyAttendance - INFO - Directory created/verified: static/css
2026-01-22 20:58:23 - ArmyAttendance - INFO - Directory created/verified: static/js
2026-01-22 20:58:23 - ArmyAttendance - INFO - Directory created/verified: static/images
2026-01-22 20:58:23 - ArmyAttendance - INFO - ✓ Face recognition engine initialized successfully
2026-01-22 20:58:23 - ArmyAttendance - INFO - ==================================================
2026-01-22 20:58:23 - ArmyAttendance - INFO - 🎖️  ARMY FACE ATTENDANCE SYSTEM
2026-01-22 20:58:23 - ArmyAttendance - INFO - ==================================================
2026-01-22 20:58:23 - ArmyAttendance - INFO - ✓ Application initialized successfully
2026-01-22 20:58:23 - ArmyAttendance - INFO - ✓ Debug mode: False
2026-01-22 20:58:23 - ArmyAttendance - INFO - ✓ Database: army_attendance
2026-01-22 20:58:23 - ArmyAttendance - INFO - ✓ Cache busting: ENABLED
2026-01-22 20:58:23 - ArmyAttendance - INFO - ==================================================
2026-01-22 20:58:23 - ArmyAttendance - INFO - ✓ Database tables created/verified
2026-01-22 20:58:23 - ArmyAttendance - INFO - ✓ Python cache cleared
2026-01-22 20:58:26 - ArmyAttendance - INFO - ============================================================
2026-01-22 20:58:26 - ArmyAttendance - INFO - Initializing Face Recognition Engine v2.0
2026-01-22 20:58:26 - ArmyAttendance - INFO - ============================================================
2026-01-22 20:58:27 - ArmyAttendance - INFO - Loaded 3 face embeddings from disk
2026-01-22 20:58:27 - ArmyAttendance - INFO - ✓ Engine initialized with 3 faces
2026-01-22 20:58:27 - ArmyAttendance - INFO - ============================================================
2026-01-22 20:58:27 - ArmyAttendance - WARNING - MediaPipe not available, using OpenCV fallback
2026-01-22 20:58:27 - ArmyAttendance - INFO - ✓ Liveness Detector initialized successfully
2026-01-22 20:58:27 - ArmyAttendance - INFO - Directory created/verified: logs
2026-01-22 20:58:27 - ArmyAttendance - INFO - Directory created/verified: face_embeddings
2026-01-22 20:58:27 - ArmyAttendance - INFO - Directory created/verified: static/uploads/employees
2026-01-22 20:58:27 - ArmyAttendance - INFO - Directory created/verified: static/uploads/attendance
2026-01-22 20:58:27 - ArmyAttendance - INFO - Directory created/verified: static/css
2026-01-22 20:58:27 - ArmyAttendance - INFO - Directory created/verified: static/js
2026-01-22 20:58:27 - ArmyAttendance - INFO - Directory created/verified: static/images
2026-01-22 20:58:27 - ArmyAttendance - INFO - ✓ Face recognition engine initialized successfully
2026-01-22 20:58:27 - ArmyAttendance - INFO - ==================================================
2026-01-22 20:58:27 - ArmyAttendance - INFO - 🎖️  ARMY FACE ATTENDANCE SYSTEM
2026-01-22 20:58:27 - ArmyAttendance - INFO - ==================================================
2026-01-22 20:58:27 - ArmyAttendance - INFO - ✓ Application initialized successfully
2026-01-22 20:58:27 - ArmyAttendance - INFO - ✓ Debug mode: False
2026-01-22 20:58:27 - ArmyAttendance - INFO - ✓ Database: army_attendance
2026-01-22 20:58:27 - ArmyAttendance - INFO - ✓ Cache busting: ENABLED
2026-01-22 20:58:27 - ArmyAttendance - INFO - ==================================================
2026-01-22 20:58:27 - ArmyAttendance - INFO - ✓ Database tables created/verified
2026-01-22 20:58:27 - ArmyAttendance - INFO - ✓ Python cache cleared
2026-01-22 20:58:39 - ArmyAttendance - INFO - User logged in: admin
2026-01-22 20:59:36 - ArmyAttendance - ERROR - Error loading reports page: reports/index.html
Traceback (most recent call last):
  File "C:\Users\dell\army_face_attendance\routes\reports.py", line 48, in index
    return render_template('reports/index.html', stats=stats)
  File "C:\Users\dell\miniconda3\envs\army_env\lib\site-packages\flask\templating.py", line 151, in render_template
    template = app.jinja_env.get_or_select_template(template_name_or_list)
  File "C:\Users\dell\miniconda3\envs\army_env\lib\site-packages\jinja2\environment.py", line 1087, in get_or_select_template
    return self.get_template(template_name_or_list, parent, globals)
  File "C:\Users\dell\miniconda3\envs\army_env\lib\site-packages\jinja2\environment.py", line 1016, in get_template
    return self._load_template(name, globals)
  File "C:\Users\dell\miniconda3\envs\army_env\lib\site-packages\jinja2\environment.py", line 975, in _load_template
    template = self.loader.load(self, name, self.make_globals(globals))
  File "C:\Users\dell\miniconda3\envs\army_env\lib\site-packages\jinja2\loaders.py", line 126, in load
    source, filename, uptodate = self.get_source(environment, name)
  File "C:\Users\dell\miniconda3\envs\army_env\lib\site-packages\flask\templating.py", line 65, in get_source
    return self._get_source_fast(environment, template)
  File "C:\Users\dell\miniconda3\envs\army_env\lib\site-packages\flask\templating.py", line 99, in _get_source_fast
    raise TemplateNotFound(template)
jinja2.exceptions.TemplateNotFound: reports/index.html
2026-01-22 21:02:07 - ArmyAttendance - WARNING - 404 Error: 404 Not Found: The requested URL was not found on the server. If you entered the URL manually please check your spelling and try again.
2026-01-22 21:02:17 - ArmyAttendance - INFO - User logged in: admin
2026-01-22 21:02:31 - ArmyAttendance - INFO - Employee verified: shivam (232d)
2026-01-22 21:02:31 - ArmyAttendance - INFO - Attendance photo saved: static\uploads\attendance\2026-01-22\232d_20260122_210231.jpg
2026-01-22 21:02:31 - ArmyAttendance - INFO - ✓ Check-in: 232d at 09:02 PM (late)
2026-01-22 21:02:31 - ArmyAttendance - WARNING - Slow request: 3.13s - attendance.mark_attendance
2026-01-22 21:02:31 - ArmyAttendance - WARNING - 404 Error: 404 Not Found: The requested URL was not found on the server. If you entered the URL manually please check your spelling and try again.
2026-01-22 21:02:34 - ArmyAttendance - WARNING - Slow request: 3.86s - attendance.mark_attendance
2026-01-22 21:02:38 - ArmyAttendance - WARNING - Slow request: 6.43s - attendance.mark_attendance
2026-01-22 21:02:42 - ArmyAttendance - INFO - Employee verified: shivam (232d)
2026-01-22 21:02:42 - ArmyAttendance - INFO - Attendance photo saved: static\uploads\attendance\2026-01-22\232d_20260122_210242.jpg
2026-01-22 21:02:42 - ArmyAttendance - INFO - ✓ Check-out: 232d at 09:02 PM
2026-01-22 21:02:42 - ArmyAttendance - WARNING - Slow request: 6.89s - attendance.mark_attendance
2026-01-22 21:02:45 - ArmyAttendance - WARNING - Slow request: 6.91s - attendance.mark_attendance
2026-01-22 21:02:49 - ArmyAttendance - INFO - Employee verified: shivam (232d)
2026-01-22 21:02:49 - ArmyAttendance - INFO - Attendance photo saved: static\uploads\attendance\2026-01-22\232d_20260122_210249.jpg
2026-01-22 21:02:49 - ArmyAttendance - WARNING - Slow request: 6.92s - attendance.mark_attendance
2026-01-22 21:02:52 - ArmyAttendance - WARNING - Slow request: 23.26s - attendance.mark_attendance
2026-01-22 21:02:52 - ArmyAttendance - WARNING - Slow request: 6.57s - attendance.mark_attendance
2026-01-22 21:02:52 - ArmyAttendance - INFO - Employee verified: shivam (232d)
2026-01-22 21:02:52 - ArmyAttendance - INFO - Attendance photo saved: static\uploads\attendance\2026-01-22\232d_20260122_210252.jpg
2026-01-22 21:02:52 - ArmyAttendance - ERROR - Attendance marking error: (pymysql.err.IntegrityError) (1062, "Duplicate entry '3-2026-01-22' for key 'attendance.unique_employee_date'")
[SQL: INSERT INTO attendance (employee_id, check_in_time, check_out_time, date, status, location, check_in_photo, check_out_photo, liveness_score_in, liveness_score_out, confidence_score, ip_address, device_info, remarks, verified_by, created_at, updated_at) VALUES (%(employee_id)s, %(check_in_time)s, %(check_out_time)s, %(date)s, %(status)s, %(location)s, %(check_in_photo)s, %(check_out_photo)s, %(liveness_score_in)s, %(liveness_score_out)s, %(confidence_score)s, %(ip_address)s, %(device_info)s, %(remarks)s, %(verified_by)s, %(created_at)s, %(updated_at)s)]
[parameters: {'employee_id': 3, 'check_in_time': datetime.datetime(2026, 1, 22, 21, 2, 52, 907735), 'check_out_time': None, 'date': datetime.date(2026, 1, 22), 'status': 'late', 'location': None, 'check_in_photo': 'static\\uploads\\attendance\\2026-01-22\\232d_20260122_210252.jpg', 'check_out_photo': None, 'liveness_score_in': 0.8, 'liveness_score_out': None, 'confidence_score': 0.3538951909561092, 'ip_address': '127.0.0.1', 'device_info': 'Unknown', 'remarks': None, 'verified_by': 1, 'created_at': datetime.datetime(2026, 1, 22, 15, 32, 52, 944736), 'updated_at': datetime.datetime(2026, 1, 22, 15, 32, 52, 944736)}]
(Background on this error at: https://sqlalche.me/e/20/gkpj)
Traceback (most recent call last):
  File "C:\Users\dell\miniconda3\envs\army_env\lib\site-packages\sqlalchemy\engine\base.py", line 1967, in _exec_single_context
    self.dialect.do_execute(
  File "C:\Users\dell\miniconda3\envs\army_env\lib\site-packages\sqlalchemy\engine\default.py", line 952, in do_execute
    cursor.execute(statement, parameters)
  File "C:\Users\dell\miniconda3\envs\army_env\lib\site-packages\pymysql\cursors.py", line 153, in execute
    result = self._query(query)
  File "C:\Users\dell\miniconda3\envs\army_env\lib\site-packages\pymysql\cursors.py", line 322, in _query
    conn.query(q)
  File "C:\Users\dell\miniconda3\envs\army_env\lib\site-packages\pymysql\connections.py", line 558, in query
    self._affected_rows = self._read_query_result(unbuffered=unbuffered)
  File "C:\Users\dell\miniconda3\envs\army_env\lib\site-packages\pymysql\connections.py", line 822, in _read_query_result
    result.read()
  File "C:\Users\dell\miniconda3\envs\army_env\lib\site-packages\pymysql\connections.py", line 1200, in read
    first_packet = self.connection._read_packet()
  File "C:\Users\dell\miniconda3\envs\army_env\lib\site-packages\pymysql\connections.py", line 772, in _read_packet
    packet.raise_for_error()
  File "C:\Users\dell\miniconda3\envs\army_env\lib\site-packages\pymysql\protocol.py", line 221, in raise_for_error
    err.raise_mysql_exception(self._data)
  File "C:\Users\dell\miniconda3\envs\army_env\lib\site-packages\pymysql\err.py", line 143, in raise_mysql_exception
    raise errorclass(errno, errval)
pymysql.err.IntegrityError: (1062, "Duplicate entry '3-2026-01-22' for key 'attendance.unique_employee_date'")

The above exception was the direct cause of the following exception:

Traceback (most recent call last):
  File "C:\Users\dell\army_face_attendance\routes\attendance.py", line 454, in mark_attendance
    db.session.commit()
  File "C:\Users\dell\miniconda3\envs\army_env\lib\site-packages\sqlalchemy\orm\scoping.py", line 597, in commit
    return self._proxied.commit()
  File "C:\Users\dell\miniconda3\envs\army_env\lib\site-packages\sqlalchemy\orm\session.py", line 2030, in commit
    trans.commit(_to_root=True)
  File "<string>", line 2, in commit
  File "C:\Users\dell\miniconda3\envs\army_env\lib\site-packages\sqlalchemy\orm\state_changes.py", line 137, in _go
    ret_value = fn(self, *arg, **kw)
  File "C:\Users\dell\miniconda3\envs\army_env\lib\site-packages\sqlalchemy\orm\session.py", line 1311, in commit
    self._prepare_impl()
  File "<string>", line 2, in _prepare_impl
  File "C:\Users\dell\miniconda3\envs\army_env\lib\site-packages\sqlalchemy\orm\state_changes.py", line 137, in _go
    ret_value = fn(self, *arg, **kw)
  File "C:\Users\dell\miniconda3\envs\army_env\lib\site-packages\sqlalchemy\orm\session.py", line 1286, in _prepare_impl
    self.session.flush()
  File "C:\Users\dell\miniconda3\envs\army_env\lib\site-packages\sqlalchemy\orm\session.py", line 4331, in flush
    self._flush(objects)
  File "C:\Users\dell\miniconda3\envs\army_env\lib\site-packages\sqlalchemy\orm\session.py", line 4466, in _flush
    with util.safe_reraise():
  File "C:\Users\dell\miniconda3\envs\army_env\lib\site-packages\sqlalchemy\util\langhelpers.py", line 224, in __exit__
    raise exc_value.with_traceback(exc_tb)
  File "C:\Users\dell\miniconda3\envs\army_env\lib\site-packages\sqlalchemy\orm\session.py", line 4427, in _flush
    flush_context.execute()
  File "C:\Users\dell\miniconda3\envs\army_env\lib\site-packages\sqlalchemy\orm\unitofwork.py", line 466, in execute
    rec.execute(self)
  File "C:\Users\dell\miniconda3\envs\army_env\lib\site-packages\sqlalchemy\orm\unitofwork.py", line 642, in execute
    util.preloaded.orm_persistence.save_obj(
  File "C:\Users\dell\miniconda3\envs\army_env\lib\site-packages\sqlalchemy\orm\persistence.py", line 93, in save_obj
    _emit_insert_statements(
  File "C:\Users\dell\miniconda3\envs\army_env\lib\site-packages\sqlalchemy\orm\persistence.py", line 1233, in _emit_insert_statements
    result = connection.execute(
  File "C:\Users\dell\miniconda3\envs\army_env\lib\site-packages\sqlalchemy\engine\base.py", line 1419, in execute
    return meth(
  File "C:\Users\dell\miniconda3\envs\army_env\lib\site-packages\sqlalchemy\sql\elements.py", line 527, in _execute_on_connection
    return connection._execute_clauseelement(
  File "C:\Users\dell\miniconda3\envs\army_env\lib\site-packages\sqlalchemy\engine\base.py", line 1641, in _execute_clauseelement
    ret = self._execute_context(
  File "C:\Users\dell\miniconda3\envs\army_env\lib\site-packages\sqlalchemy\engine\base.py", line 1846, in _execute_context
    return self._exec_single_context(
  File "C:\Users\dell\miniconda3\envs\army_env\lib\site-packages\sqlalchemy\engine\base.py", line 1986, in _exec_single_context
    self._handle_dbapi_exception(
  File "C:\Users\dell\miniconda3\envs\army_env\lib\site-packages\sqlalchemy\engine\base.py", line 2363, in _handle_dbapi_exception
    raise sqlalchemy_exception.with_traceback(exc_info[2]) from e
  File "C:\Users\dell\miniconda3\envs\army_env\lib\site-packages\sqlalchemy\engine\base.py", line 1967, in _exec_single_context
    self.dialect.do_execute(
  File "C:\Users\dell\miniconda3\envs\army_env\lib\site-packages\sqlalchemy\engine\default.py", line 952, in do_execute
    cursor.execute(statement, parameters)
  File "C:\Users\dell\miniconda3\envs\army_env\lib\site-packages\pymysql\cursors.py", line 153, in execute
    result = self._query(query)
  File "C:\Users\dell\miniconda3\envs\army_env\lib\site-packages\pymysql\cursors.py", line 322, in _query
    conn.query(q)
  File "C:\Users\dell\miniconda3\envs\army_env\lib\site-packages\pymysql\connections.py", line 558, in query
    self._affected_rows = self._read_query_result(unbuffered=unbuffered)
  File "C:\Users\dell\miniconda3\envs\army_env\lib\site-packages\pymysql\connections.py", line 822, in _read_query_result
    result.read()
  File "C:\Users\dell\miniconda3\envs\army_env\lib\site-packages\pymysql\connections.py", line 1200, in read
    first_packet = self.connection._read_packet()
  File "C:\Users\dell\miniconda3\envs\army_env\lib\site-packages\pymysql\connections.py", line 772, in _read_packet
    packet.raise_for_error()
  File "C:\Users\dell\miniconda3\envs\army_env\lib\site-packages\pymysql\protocol.py", line 221, in raise_for_error
    err.raise_mysql_exception(self._data)
  File "C:\Users\dell\miniconda3\envs\army_env\lib\site-packages\pymysql\err.py", line 143, in raise_mysql_exception
    raise errorclass(errno, errval)
sqlalchemy.exc.IntegrityError: (pymysql.err.IntegrityError) (1062, "Duplicate entry '3-2026-01-22' for key 'attendance.unique_employee_date'")
[SQL: INSERT INTO attendance (employee_id, check_in_time, check_out_time, date, status, location, check_in_photo, check_out_photo, liveness_score_in, liveness_score_out, confidence_score, ip_address, device_info, remarks, verified_by, created_at, updated_at) VALUES (%(employee_id)s, %(check_in_time)s, %(check_out_time)s, %(date)s, %(status)s, %(location)s, %(check_in_photo)s, %(check_out_photo)s, %(liveness_score_in)s, %(liveness_score_out)s, %(confidence_score)s, %(ip_address)s, %(device_info)s, %(remarks)s, %(verified_by)s, %(created_at)s, %(updated_at)s)]
[parameters: {'employee_id': 3, 'check_in_time': datetime.datetime(2026, 1, 22, 21, 2, 52, 907735), 'check_out_time': None, 'date': datetime.date(2026, 1, 22), 'status': 'late', 'location': None, 'check_in_photo': 'static\\uploads\\attendance\\2026-01-22\\232d_20260122_210252.jpg', 'check_out_photo': None, 'liveness_score_in': 0.8, 'liveness_score_out': None, 'confidence_score': 0.3538951909561092, 'ip_address': '127.0.0.1', 'device_info': 'Unknown', 'remarks': None, 'verified_by': 1, 'created_at': datetime.datetime(2026, 1, 22, 15, 32, 52, 944736), 'updated_at': datetime.datetime(2026, 1, 22, 15, 32, 52, 944736)}]
(Background on this error at: https://sqlalche.me/e/20/gkpj)
2026-01-22 21:02:52 - ArmyAttendance - WARNING - Slow request: 22.94s - attendance.mark_attendance
2026-01-22 21:02:57 - ArmyAttendance - INFO - Employee verified: shivam (232d)
2026-01-22 21:02:57 - ArmyAttendance - INFO - Attendance photo saved: static\uploads\attendance\2026-01-22\232d_20260122_210257.jpg
2026-01-22 21:02:57 - ArmyAttendance - INFO - ✓ Check-out: 232d at 09:02 PM
2026-01-22 21:02:57 - ArmyAttendance - WARNING - Slow request: 24.19s - attendance.mark_attendance
2026-01-22 21:02:57 - ArmyAttendance - WARNING - Slow request: 4.61s - attendance.mark_attendance
2026-01-22 21:02:58 - ArmyAttendance - WARNING - Slow request: 24.29s - attendance.mark_attendance
2026-01-22 21:03:01 - ArmyAttendance - INFO - Employee verified: shivam (232d)
2026-01-22 21:03:02 - ArmyAttendance - INFO - Attendance photo saved: static\uploads\attendance\2026-01-22\232d_20260122_210301.jpg
2026-01-22 21:03:02 - ArmyAttendance - WARNING - Slow request: 4.14s - attendance.mark_attendance
2026-01-22 21:03:05 - ArmyAttendance - INFO - Employee verified: shivam (232d)
2026-01-22 21:03:05 - ArmyAttendance - INFO - Attendance photo saved: static\uploads\attendance\2026-01-22\232d_20260122_210305.jpg
2026-01-22 21:03:05 - ArmyAttendance - WARNING - Slow request: 7.25s - attendance.mark_attendance
2026-01-22 21:03:07 - ArmyAttendance - ERROR - Attendance marking error: too many values to unpack (expected 4)
Traceback (most recent call last):
  File "C:\Users\dell\army_face_attendance\routes\attendance.py", line 317, in mark_attendance
    employee_id, confidence, face_obj, message = face_engine.recognize_face(frame)
ValueError: too many values to unpack (expected 4)
2026-01-22 21:03:07 - ArmyAttendance - WARNING - Slow request: 14.24s - attendance.mark_attendance
2026-01-22 21:03:10 - ArmyAttendance - INFO - Employee verified: shivam (232d)
2026-01-22 21:03:10 - ArmyAttendance - INFO - Attendance photo saved: static\uploads\attendance\2026-01-22\232d_20260122_210310.jpg
2026-01-22 21:03:10 - ArmyAttendance - WARNING - Slow request: 12.69s - attendance.mark_attendance
2026-01-22 21:03:11 - ArmyAttendance - WARNING - Slow request: 21.76s - attendance.mark_attendance
2026-01-22 21:03:12 - ArmyAttendance - WARNING - Slow request: 20.26s - attendance.mark_attendance
2026-01-22 21:05:25 - ArmyAttendance - INFO - === Employee Registration Started ===
2026-01-22 21:05:25 - ArmyAttendance - INFO - Registration request for: jhftf - dinesj chandra
2026-01-22 21:05:25 - ArmyAttendance - INFO - Upload folder created: static/uploads/employees\jhftf
2026-01-22 21:05:25 - ArmyAttendance - INFO - Processing base64 multi-angle photos...
2026-01-22 21:05:25 - ArmyAttendance - INFO - Saved front photo: static/uploads/employees\jhftf\jhftf_front_20260122_210525.jpg
2026-01-22 21:05:25 - ArmyAttendance - INFO - Saved left photo: static/uploads/employees\jhftf\jhftf_left_20260122_210525.jpg
2026-01-22 21:05:25 - ArmyAttendance - INFO - Saved right photo: static/uploads/employees\jhftf\jhftf_right_20260122_210525.jpg
2026-01-22 21:05:25 - ArmyAttendance - INFO - Selecting best quality photo from multiple angles...
2026-01-22 21:05:25 - ArmyAttendance - INFO - Quality score for front: 0.87
2026-01-22 21:05:25 - ArmyAttendance - INFO - Quality score for left: 0.83
2026-01-22 21:05:25 - ArmyAttendance - INFO - Quality score for right: 0.78
2026-01-22 21:05:25 - ArmyAttendance - INFO - Best photo: front with quality 0.87
2026-01-22 21:05:26 - ArmyAttendance - INFO - Photo enhanced successfully
2026-01-22 21:05:26 - ArmyAttendance - INFO - Registering face for: jhftf
2026-01-22 21:05:26 - ArmyAttendance - INFO - Registering face for jhftf
2026-01-22 21:05:28 - ArmyAttendance - INFO - Saved 4 embeddings to disk
2026-01-22 21:05:28 - ArmyAttendance - INFO - ✓ Face registered: jhftf (conf: 0.76)
2026-01-22 21:05:28 - ArmyAttendance - INFO - Face registered successfully. Embedding ID: EMB_jhftf_1769096128
2026-01-22 21:05:28 - ArmyAttendance - INFO - ✓ Employee registered: jhftf - dinesj chandra by admin
2026-01-22 21:05:28 - ArmyAttendance - WARNING - Slow request: 3.71s - registration.register_employee
2026-01-22 21:07:00 - ArmyAttendance - INFO - === Employee Registration Started ===
2026-01-22 21:07:00 - ArmyAttendance - INFO - Registration request for: 3445 - madhu devi
2026-01-22 21:07:00 - ArmyAttendance - INFO - Upload folder created: static/uploads/employees\3445
2026-01-22 21:07:00 - ArmyAttendance - INFO - Processing base64 multi-angle photos...
2026-01-22 21:07:00 - ArmyAttendance - INFO - Saved front photo: static/uploads/employees\3445\3445_front_20260122_210700.jpg
2026-01-22 21:07:00 - ArmyAttendance - INFO - Saved left photo: static/uploads/employees\3445\3445_left_20260122_210700.jpg
2026-01-22 21:07:00 - ArmyAttendance - INFO - Saved right photo: static/uploads/employees\3445\3445_right_20260122_210700.jpg
2026-01-22 21:07:00 - ArmyAttendance - INFO - Selecting best quality photo from multiple angles...
2026-01-22 21:07:00 - ArmyAttendance - INFO - Quality score for front: 0.81
2026-01-22 21:07:00 - ArmyAttendance - INFO - Quality score for left: 0.72
2026-01-22 21:07:00 - ArmyAttendance - INFO - Quality score for right: 0.78
2026-01-22 21:07:00 - ArmyAttendance - INFO - Best photo: front with quality 0.81
2026-01-22 21:07:01 - ArmyAttendance - INFO - Photo enhanced successfully
2026-01-22 21:07:01 - ArmyAttendance - INFO - Registering face for: 3445
2026-01-22 21:07:01 - ArmyAttendance - INFO - Registering face for 3445
2026-01-22 21:07:04 - ArmyAttendance - INFO - Saved 5 embeddings to disk
2026-01-22 21:07:04 - ArmyAttendance - INFO - ✓ Face registered: 3445 (conf: 0.78)
2026-01-22 21:07:04 - ArmyAttendance - INFO - Face registered successfully. Embedding ID: EMB_3445_1769096224
2026-01-22 21:07:04 - ArmyAttendance - INFO - ✓ Employee registered: 3445 - madhu devi by admin
2026-01-22 21:07:04 - ArmyAttendance - WARNING - Slow request: 3.70s - registration.register_employee
2026-01-22 21:08:02 - ArmyAttendance - INFO - === Employee Registration Started ===
2026-01-22 21:08:02 - ArmyAttendance - INFO - Registration request for: 45t65 - dk
2026-01-22 21:08:02 - ArmyAttendance - INFO - Upload folder created: static/uploads/employees\45t65
2026-01-22 21:08:02 - ArmyAttendance - INFO - Processing base64 multi-angle photos...
2026-01-22 21:08:02 - ArmyAttendance - INFO - Saved front photo: static/uploads/employees\45t65\45t65_front_20260122_210802.jpg
2026-01-22 21:08:02 - ArmyAttendance - INFO - Saved left photo: static/uploads/employees\45t65\45t65_left_20260122_210802.jpg
2026-01-22 21:08:02 - ArmyAttendance - INFO - Saved right photo: static/uploads/employees\45t65\45t65_right_20260122_210802.jpg
2026-01-22 21:08:02 - ArmyAttendance - INFO - Selecting best quality photo from multiple angles...
2026-01-22 21:08:02 - ArmyAttendance - INFO - Quality score for front: 0.93
2026-01-22 21:08:02 - ArmyAttendance - INFO - Quality score for left: 0.83
2026-01-22 21:08:02 - ArmyAttendance - INFO - Quality score for right: 0.95
2026-01-22 21:08:02 - ArmyAttendance - INFO - Best photo: right with quality 0.95
2026-01-22 21:08:04 - ArmyAttendance - INFO - Photo enhanced successfully
2026-01-22 21:08:04 - ArmyAttendance - INFO - Registering face for: 45t65
2026-01-22 21:08:04 - ArmyAttendance - INFO - Registering face for 45t65
2026-01-22 21:08:06 - ArmyAttendance - INFO - Saved 6 embeddings to disk
2026-01-22 21:08:06 - ArmyAttendance - INFO - ✓ Face registered: 45t65 (conf: 0.71)
2026-01-22 21:08:06 - ArmyAttendance - INFO - Face registered successfully. Embedding ID: EMB_45t65_1769096286
2026-01-22 21:08:06 - ArmyAttendance - INFO - ✓ Employee registered: 45t65 - dk by admin
2026-01-22 21:08:06 - ArmyAttendance - WARNING - Slow request: 3.64s - registration.register_employee
2026-01-22 21:08:17 - ArmyAttendance - WARNING - Slow request: 2.48s - attendance.mark_attendance
2026-01-22 21:08:20 - ArmyAttendance - WARNING - Slow request: 4.31s - attendance.mark_attendance
2026-01-22 21:08:23 - ArmyAttendance - WARNING - Slow request: 3.15s - attendance.mark_attendance
2026-01-22 21:08:27 - ArmyAttendance - WARNING - Slow request: 3.36s - attendance.mark_attendance
2026-01-22 21:08:30 - ArmyAttendance - WARNING - Slow request: 13.08s - attendance.mark_attendance
2026-01-22 21:08:32 - ArmyAttendance - INFO - Employee verified: dk (45t65)
2026-01-22 21:08:32 - ArmyAttendance - INFO - Attendance photo saved: static\uploads\attendance\2026-01-22\45t65_20260122_210832.jpg
2026-01-22 21:08:32 - ArmyAttendance - INFO - ✓ Check-in: 45t65 at 09:08 PM (late)
2026-01-22 21:08:32 - ArmyAttendance - WARNING - Slow request: 13.62s - attendance.mark_attendance
2026-01-22 21:08:33 - ArmyAttendance - WARNING - Slow request: 13.93s - attendance.mark_attendance
2026-01-22 21:08:37 - ArmyAttendance - WARNING - Slow request: 3.57s - attendance.mark_attendance
2026-01-22 21:08:39 - ArmyAttendance - WARNING - Slow request: 12.03s - attendance.mark_attendance
2026-01-22 21:08:41 - ArmyAttendance - WARNING - Slow request: 20.35s - attendance.mark_attendance
2026-01-22 21:08:43 - ArmyAttendance - WARNING - Slow request: 20.75s - attendance.mark_attendance
2026-01-22 21:08:43 - ArmyAttendance - WARNING - Slow request: 12.76s - attendance.mark_attendance
2026-01-22 21:08:47 - ArmyAttendance - WARNING - Slow request: 3.63s - attendance.mark_attendance
2026-01-22 21:08:47 - ArmyAttendance - WARNING - 404 Error: 404 Not Found: The requested URL was not found on the server. If you entered the URL manually please check your spelling and try again.
2026-01-22 21:08:47 - ArmyAttendance - WARNING - Slow request: 10.22s - attendance.mark_attendance
2026-01-22 21:08:50 - ArmyAttendance - INFO - Employee verified: dk (45t65)
2026-01-22 21:08:50 - ArmyAttendance - INFO - Attendance photo saved: static\uploads\attendance\2026-01-22\45t65_20260122_210850.jpg
2026-01-22 21:08:50 - ArmyAttendance - INFO - ✓ Check-out: 45t65 at 09:08 PM
2026-01-22 21:08:50 - ArmyAttendance - WARNING - Slow request: 5.99s - attendance.mark_attendance
2026-01-22 21:08:53 - ArmyAttendance - WARNING - Slow request: 13.05s - attendance.mark_attendance
2026-01-22 21:08:54 - ArmyAttendance - WARNING - Slow request: 21.86s - attendance.mark_attendance
2026-01-22 21:08:54 - ArmyAttendance - WARNING - Slow request: 4.01s - attendance.mark_attendance
2026-01-22 21:08:59 - ArmyAttendance - WARNING - Slow request: 3.77s - attendance.mark_attendance
2026-01-22 21:09:01 - ArmyAttendance - WARNING - Slow request: 12.95s - attendance.mark_attendance
2026-01-22 21:09:04 - ArmyAttendance - WARNING - Slow request: 22.24s - attendance.mark_attendance
2026-01-22 21:09:05 - ArmyAttendance - WARNING - Slow request: 3.99s - attendance.mark_attendance
2026-01-22 21:09:07 - ArmyAttendance - WARNING - Slow request: 12.97s - attendance.mark_attendance
2026-01-22 21:09:09 - ArmyAttendance - WARNING - Slow request: 15.68s - attendance.mark_attendance
2026-01-22 21:09:10 - ArmyAttendance - INFO - Employee verified: dk (45t65)
2026-01-22 21:09:10 - ArmyAttendance - INFO - Attendance photo saved: static\uploads\attendance\2026-01-22\45t65_20260122_210910.jpg
2026-01-22 21:09:11 - ArmyAttendance - INFO - ✓ Check-out: 45t65 at 09:09 PM
2026-01-22 21:09:11 - ArmyAttendance - WARNING - Slow request: 23.13s - attendance.mark_attendance
2026-01-22 21:09:12 - ArmyAttendance - WARNING - Slow request: 6.80s - attendance.mark_attendance
2026-01-22 21:09:16 - ArmyAttendance - WARNING - Slow request: 6.82s - attendance.mark_attendance
2026-01-22 21:09:19 - ArmyAttendance - WARNING - Slow request: 6.75s - attendance.mark_attendance
2026-01-22 21:09:21 - ArmyAttendance - WARNING - Slow request: 13.66s - attendance.mark_attendance
2026-01-22 21:09:22 - ArmyAttendance - WARNING - Slow request: 23.30s - attendance.mark_attendance
2026-01-22 21:09:25 - ArmyAttendance - WARNING - Slow request: 4.11s - attendance.mark_attendance
2026-01-22 21:09:28 - ArmyAttendance - WARNING - Slow request: 24.03s - attendance.mark_attendance
2026-01-22 21:09:29 - ArmyAttendance - WARNING - Slow request: 6.64s - attendance.mark_attendance
2026-01-22 21:09:33 - ArmyAttendance - WARNING - Slow request: 3.99s - attendance.mark_attendance
2026-01-22 21:09:35 - ArmyAttendance - INFO - Employee verified: shivam (232d)
2026-01-22 21:09:35 - ArmyAttendance - INFO - Attendance photo saved: static\uploads\attendance\2026-01-22\232d_20260122_210935.jpg
2026-01-22 21:09:35 - ArmyAttendance - WARNING - Slow request: 23.86s - attendance.mark_attendance
2026-01-22 21:09:38 - ArmyAttendance - WARNING - Slow request: 3.99s - attendance.mark_attendance
2026-01-22 21:09:40 - ArmyAttendance - WARNING - Slow request: 23.81s - attendance.mark_attendance
2026-01-22 21:09:40 - ArmyAttendance - WARNING - Slow request: 13.78s - attendance.mark_attendance
2026-01-22 21:09:43 - ArmyAttendance - INFO - Employee verified: shivam (232d)
2026-01-22 21:09:43 - ArmyAttendance - INFO - Attendance photo saved: static\uploads\attendance\2026-01-22\232d_20260122_210943.jpg
2026-01-22 21:09:43 - ArmyAttendance - WARNING - Slow request: 23.76s - attendance.mark_attendance
2026-01-22 21:09:44 - ArmyAttendance - WARNING - Slow request: 4.22s - attendance.mark_attendance
2026-01-22 21:09:46 - ArmyAttendance - WARNING - Slow request: 17.27s - attendance.mark_attendance
2026-01-22 21:09:50 - ArmyAttendance - WARNING - Slow request: 4.08s - attendance.mark_attendance
2026-01-22 21:09:53 - ArmyAttendance - WARNING - Slow request: 14.53s - attendance.mark_attendance
2026-01-22 21:09:55 - ArmyAttendance - WARNING - Slow request: 14.23s - attendance.mark_attendance
2026-01-22 21:10:00 - ArmyAttendance - WARNING - Slow request: 24.49s - attendance.mark_attendance
2026-01-22 21:10:00 - ArmyAttendance - WARNING - Slow request: 4.43s - attendance.mark_attendance
2026-01-22 21:10:01 - ArmyAttendance - WARNING - Slow request: 17.66s - attendance.mark_attendance
2026-01-22 21:10:06 - ArmyAttendance - WARNING - Slow request: 4.18s - attendance.mark_attendance
2026-01-22 21:10:08 - ArmyAttendance - WARNING - Slow request: 14.79s - attendance.mark_attendance
2026-01-22 21:10:09 - ArmyAttendance - WARNING - Slow request: 24.61s - attendance.mark_attendance
2026-01-22 21:10:12 - ArmyAttendance - WARNING - Slow request: 4.05s - attendance.mark_attendance
2026-01-22 21:10:14 - ArmyAttendance - WARNING - Slow request: 14.23s - attendance.mark_attendance
2026-01-22 21:10:15 - ArmyAttendance - WARNING - Slow request: 24.67s - attendance.mark_attendance
2026-01-22 21:10:18 - ArmyAttendance - WARNING - Slow request: 4.04s - attendance.mark_attendance
2026-01-22 21:10:22 - ArmyAttendance - WARNING - Slow request: 6.65s - attendance.mark_attendance
2026-01-22 21:10:24 - ArmyAttendance - WARNING - Slow request: 24.29s - attendance.mark_attendance
2026-01-22 21:10:26 - ArmyAttendance - WARNING - Slow request: 6.98s - attendance.mark_attendance
2026-01-22 21:10:29 - ArmyAttendance - WARNING - Slow request: 16.95s - attendance.mark_attendance
2026-01-22 21:10:30 - ArmyAttendance - WARNING - Slow request: 23.79s - attendance.mark_attendance
2026-01-22 21:10:33 - ArmyAttendance - WARNING - Slow request: 6.71s - attendance.mark_attendance
2026-01-22 21:10:34 - ArmyAttendance - WARNING - Slow request: 24.13s - attendance.mark_attendance
2026-01-22 21:10:36 - ArmyAttendance - WARNING - Slow request: 13.90s - attendance.mark_attendance
2026-01-22 21:10:36 - ArmyAttendance - WARNING - Slow request: 6.83s - attendance.mark_attendance
2026-01-22 21:10:40 - ArmyAttendance - WARNING - Slow request: 6.91s - attendance.mark_attendance
2026-01-22 21:10:43 - ArmyAttendance - WARNING - Slow request: 6.63s - attendance.mark_attendance
2026-01-22 21:10:47 - ArmyAttendance - INFO - Employee verified: madhu devi (3445)
2026-01-22 21:10:47 - ArmyAttendance - INFO - Attendance photo saved: static\uploads\attendance\2026-01-22\3445_20260122_211047.jpg
2026-01-22 21:10:47 - ArmyAttendance - INFO - ✓ Check-in: 3445 at 09:10 PM (late)
2026-01-22 21:10:47 - ArmyAttendance - WARNING - Slow request: 6.48s - attendance.mark_attendance
2026-01-22 21:10:48 - ArmyAttendance - WARNING - Slow request: 23.80s - attendance.mark_attendance
2026-01-22 21:10:50 - ArmyAttendance - WARNING - Slow request: 6.73s - attendance.mark_attendance
2026-01-22 21:10:54 - ArmyAttendance - WARNING - Slow request: 23.51s - attendance.mark_attendance
2026-01-22 21:10:54 - ArmyAttendance - WARNING - Slow request: 6.90s - attendance.mark_attendance
2026-01-22 21:10:58 - ArmyAttendance - INFO - Employee verified: madhu devi (3445)
2026-01-22 21:10:58 - ArmyAttendance - INFO - Attendance photo saved: static\uploads\attendance\2026-01-22\3445_20260122_211058.jpg
2026-01-22 21:10:58 - ArmyAttendance - ERROR - Attendance marking error: (pymysql.err.IntegrityError) (1062, "Duplicate entry '5-2026-01-22' for key 'attendance.unique_employee_date'")
[SQL: INSERT INTO attendance (employee_id, check_in_time, check_out_time, date, status, location, check_in_photo, check_out_photo, liveness_score_in, liveness_score_out, confidence_score, ip_address, device_info, remarks, verified_by, created_at, updated_at) VALUES (%(employee_id)s, %(check_in_time)s, %(check_out_time)s, %(date)s, %(status)s, %(location)s, %(check_in_photo)s, %(check_out_photo)s, %(liveness_score_in)s, %(liveness_score_out)s, %(confidence_score)s, %(ip_address)s, %(device_info)s, %(remarks)s, %(verified_by)s, %(created_at)s, %(updated_at)s)]
[parameters: {'employee_id': 5, 'check_in_time': datetime.datetime(2026, 1, 22, 21, 10, 58, 459872), 'check_out_time': None, 'date': datetime.date(2026, 1, 22), 'status': 'late', 'location': None, 'check_in_photo': 'static\\uploads\\attendance\\2026-01-22\\3445_20260122_211058.jpg', 'check_out_photo': None, 'liveness_score_in': 0.8, 'liveness_score_out': None, 'confidence_score': 0.21237141512371238, 'ip_address': '127.0.0.1', 'device_info': 'Unknown', 'remarks': None, 'verified_by': 1, 'created_at': datetime.datetime(2026, 1, 22, 15, 40, 58, 506878), 'updated_at': datetime.datetime(2026, 1, 22, 15, 40, 58, 506878)}]
(Background on this error at: https://sqlalche.me/e/20/gkpj)
Traceback (most recent call last):
  File "C:\Users\dell\miniconda3\envs\army_env\lib\site-packages\sqlalchemy\engine\base.py", line 1967, in _exec_single_context
    self.dialect.do_execute(
  File "C:\Users\dell\miniconda3\envs\army_env\lib\site-packages\sqlalchemy\engine\default.py", line 952, in do_execute
    cursor.execute(statement, parameters)
  File "C:\Users\dell\miniconda3\envs\army_env\lib\site-packages\pymysql\cursors.py", line 153, in execute
    result = self._query(query)
  File "C:\Users\dell\miniconda3\envs\army_env\lib\site-packages\pymysql\cursors.py", line 322, in _query
    conn.query(q)
  File "C:\Users\dell\miniconda3\envs\army_env\lib\site-packages\pymysql\connections.py", line 558, in query
    self._affected_rows = self._read_query_result(unbuffered=unbuffered)
  File "C:\Users\dell\miniconda3\envs\army_env\lib\site-packages\pymysql\connections.py", line 822, in _read_query_result
    result.read()
  File "C:\Users\dell\miniconda3\envs\army_env\lib\site-packages\pymysql\connections.py", line 1200, in read
    first_packet = self.connection._read_packet()
  File "C:\Users\dell\miniconda3\envs\army_env\lib\site-packages\pymysql\connections.py", line 772, in _read_packet
    packet.raise_for_error()
  File "C:\Users\dell\miniconda3\envs\army_env\lib\site-packages\pymysql\protocol.py", line 221, in raise_for_error
    err.raise_mysql_exception(self._data)
  File "C:\Users\dell\miniconda3\envs\army_env\lib\site-packages\pymysql\err.py", line 143, in raise_mysql_exception
    raise errorclass(errno, errval)
pymysql.err.IntegrityError: (1062, "Duplicate entry '5-2026-01-22' for key 'attendance.unique_employee_date'")

The above exception was the direct cause of the following exception:

Traceback (most recent call last):
  File "C:\Users\dell\army_face_attendance\routes\attendance.py", line 454, in mark_attendance
    db.session.commit()
  File "C:\Users\dell\miniconda3\envs\army_env\lib\site-packages\sqlalchemy\orm\scoping.py", line 597, in commit
    return self._proxied.commit()
  File "C:\Users\dell\miniconda3\envs\army_env\lib\site-packages\sqlalchemy\orm\session.py", line 2030, in commit
    trans.commit(_to_root=True)
  File "<string>", line 2, in commit
  File "C:\Users\dell\miniconda3\envs\army_env\lib\site-packages\sqlalchemy\orm\state_changes.py", line 137, in _go
    ret_value = fn(self, *arg, **kw)
  File "C:\Users\dell\miniconda3\envs\army_env\lib\site-packages\sqlalchemy\orm\session.py", line 1311, in commit
    self._prepare_impl()
  File "<string>", line 2, in _prepare_impl
  File "C:\Users\dell\miniconda3\envs\army_env\lib\site-packages\sqlalchemy\orm\state_changes.py", line 137, in _go
    ret_value = fn(self, *arg, **kw)
  File "C:\Users\dell\miniconda3\envs\army_env\lib\site-packages\sqlalchemy\orm\session.py", line 1286, in _prepare_impl
    self.session.flush()
  File "C:\Users\dell\miniconda3\envs\army_env\lib\site-packages\sqlalchemy\orm\session.py", line 4331, in flush
    self._flush(objects)
  File "C:\Users\dell\miniconda3\envs\army_env\lib\site-packages\sqlalchemy\orm\session.py", line 4466, in _flush
    with util.safe_reraise():
  File "C:\Users\dell\miniconda3\envs\army_env\lib\site-packages\sqlalchemy\util\langhelpers.py", line 224, in __exit__
    raise exc_value.with_traceback(exc_tb)
  File "C:\Users\dell\miniconda3\envs\army_env\lib\site-packages\sqlalchemy\orm\session.py", line 4427, in _flush
    flush_context.execute()
  File "C:\Users\dell\miniconda3\envs\army_env\lib\site-packages\sqlalchemy\orm\unitofwork.py", line 466, in execute
    rec.execute(self)
  File "C:\Users\dell\miniconda3\envs\army_env\lib\site-packages\sqlalchemy\orm\unitofwork.py", line 642, in execute
    util.preloaded.orm_persistence.save_obj(
  File "C:\Users\dell\miniconda3\envs\army_env\lib\site-packages\sqlalchemy\orm\persistence.py", line 93, in save_obj
    _emit_insert_statements(
  File "C:\Users\dell\miniconda3\envs\army_env\lib\site-packages\sqlalchemy\orm\persistence.py", line 1233, in _emit_insert_statements
    result = connection.execute(
  File "C:\Users\dell\miniconda3\envs\army_env\lib\site-packages\sqlalchemy\engine\base.py", line 1419, in execute
    return meth(
  File "C:\Users\dell\miniconda3\envs\army_env\lib\site-packages\sqlalchemy\sql\elements.py", line 527, in _execute_on_connection
    return connection._execute_clauseelement(
  File "C:\Users\dell\miniconda3\envs\army_env\lib\site-packages\sqlalchemy\engine\base.py", line 1641, in _execute_clauseelement
    ret = self._execute_context(
  File "C:\Users\dell\miniconda3\envs\army_env\lib\site-packages\sqlalchemy\engine\base.py", line 1846, in _execute_context
    return self._exec_single_context(
  File "C:\Users\dell\miniconda3\envs\army_env\lib\site-packages\sqlalchemy\engine\base.py", line 1986, in _exec_single_context
    self._handle_dbapi_exception(
  File "C:\Users\dell\miniconda3\envs\army_env\lib\site-packages\sqlalchemy\engine\base.py", line 2363, in _handle_dbapi_exception
    raise sqlalchemy_exception.with_traceback(exc_info[2]) from e
  File "C:\Users\dell\miniconda3\envs\army_env\lib\site-packages\sqlalchemy\engine\base.py", line 1967, in _exec_single_context
    self.dialect.do_execute(
  File "C:\Users\dell\miniconda3\envs\army_env\lib\site-packages\sqlalchemy\engine\default.py", line 952, in do_execute
    cursor.execute(statement, parameters)
  File "C:\Users\dell\miniconda3\envs\army_env\lib\site-packages\pymysql\cursors.py", line 153, in execute
    result = self._query(query)
  File "C:\Users\dell\miniconda3\envs\army_env\lib\site-packages\pymysql\cursors.py", line 322, in _query
    conn.query(q)
  File "C:\Users\dell\miniconda3\envs\army_env\lib\site-packages\pymysql\connections.py", line 558, in query
    self._affected_rows = self._read_query_result(unbuffered=unbuffered)
  File "C:\Users\dell\miniconda3\envs\army_env\lib\site-packages\pymysql\connections.py", line 822, in _read_query_result
    result.read()
  File "C:\Users\dell\miniconda3\envs\army_env\lib\site-packages\pymysql\connections.py", line 1200, in read
    first_packet = self.connection._read_packet()
  File "C:\Users\dell\miniconda3\envs\army_env\lib\site-packages\pymysql\connections.py", line 772, in _read_packet
    packet.raise_for_error()
  File "C:\Users\dell\miniconda3\envs\army_env\lib\site-packages\pymysql\protocol.py", line 221, in raise_for_error
    err.raise_mysql_exception(self._data)
  File "C:\Users\dell\miniconda3\envs\army_env\lib\site-packages\pymysql\err.py", line 143, in raise_mysql_exception
    raise errorclass(errno, errval)
sqlalchemy.exc.IntegrityError: (pymysql.err.IntegrityError) (1062, "Duplicate entry '5-2026-01-22' for key 'attendance.unique_employee_date'")
[SQL: INSERT INTO attendance (employee_id, check_in_time, check_out_time, date, status, location, check_in_photo, check_out_photo, liveness_score_in, liveness_score_out, confidence_score, ip_address, device_info, remarks, verified_by, created_at, updated_at) VALUES (%(employee_id)s, %(check_in_time)s, %(check_out_time)s, %(date)s, %(status)s, %(location)s, %(check_in_photo)s, %(check_out_photo)s, %(liveness_score_in)s, %(liveness_score_out)s, %(confidence_score)s, %(ip_address)s, %(device_info)s, %(remarks)s, %(verified_by)s, %(created_at)s, %(updated_at)s)]
[parameters: {'employee_id': 5, 'check_in_time': datetime.datetime(2026, 1, 22, 21, 10, 58, 459872), 'check_out_time': None, 'date': datetime.date(2026, 1, 22), 'status': 'late', 'location': None, 'check_in_photo': 'static\\uploads\\attendance\\2026-01-22\\3445_20260122_211058.jpg', 'check_out_photo': None, 'liveness_score_in': 0.8, 'liveness_score_out': None, 'confidence_score': 0.21237141512371238, 'ip_address': '127.0.0.1', 'device_info': 'Unknown', 'remarks': None, 'verified_by': 1, 'created_at': datetime.datetime(2026, 1, 22, 15, 40, 58, 506878), 'updated_at': datetime.datetime(2026, 1, 22, 15, 40, 58, 506878)}]
(Background on this error at: https://sqlalche.me/e/20/gkpj)
2026-01-22 21:10:58 - ArmyAttendance - WARNING - Slow request: 23.98s - attendance.mark_attendance
2026-01-22 21:10:58 - ArmyAttendance - WARNING - Slow request: 4.24s - attendance.mark_attendance
2026-01-22 21:11:01 - ArmyAttendance - WARNING - Slow request: 24.28s - attendance.mark_attendance
2026-01-22 21:11:03 - ArmyAttendance - WARNING - Slow request: 4.22s - attendance.mark_attendance
2026-01-22 21:11:07 - ArmyAttendance - WARNING - Slow request: 4.12s - attendance.mark_attendance
2026-01-22 21:11:10 - ArmyAttendance - WARNING - Slow request: 15.71s - attendance.mark_attendance
2026-01-22 21:11:12 - ArmyAttendance - WARNING - Slow request: 13.43s - attendance.mark_attendance
2026-01-22 21:11:12 - ArmyAttendance - WARNING - Slow request: 23.36s - attendance.mark_attendance
2026-01-22 21:11:14 - ArmyAttendance - WARNING - Slow request: 12.44s - attendance.mark_attendance
2026-01-22 21:11:14 - ArmyAttendance - WARNING - Slow request: 23.15s - attendance.mark_attendance
2026-01-22 21:11:46 - ArmyAttendance - WARNING - Slow request: 2.64s - attendance.mark_attendance
2026-01-22 21:11:49 - ArmyAttendance - WARNING - Slow request: 4.62s - attendance.mark_attendance
2026-01-22 21:11:52 - ArmyAttendance - WARNING - Slow request: 5.39s - attendance.mark_attendance
2026-01-22 21:11:56 - ArmyAttendance - WARNING - Slow request: 3.45s - attendance.mark_attendance
2026-01-22 21:12:00 - ArmyAttendance - WARNING - Slow request: 3.57s - attendance.mark_attendance
2026-01-22 21:12:02 - ArmyAttendance - INFO - Employee verified: dinesj chandra (jhftf)
2026-01-22 21:12:02 - ArmyAttendance - INFO - Attendance photo saved: static\uploads\attendance\2026-01-22\jhftf_20260122_211202.jpg
2026-01-22 21:12:02 - ArmyAttendance - INFO - ✓ Check-in: jhftf at 09:12 PM (late)
2026-01-22 21:12:02 - ArmyAttendance - WARNING - Slow request: 12.22s - attendance.mark_attendance
2026-01-22 21:12:03 - ArmyAttendance - WARNING - Slow request: 14.70s - attendance.mark_attendance
2026-01-22 21:12:06 - ArmyAttendance - WARNING - Slow request: 20.76s - attendance.mark_attendance
2026-01-22 21:12:06 - ArmyAttendance - WARNING - Slow request: 6.48s - attendance.mark_attendance
2026-01-22 21:12:09 - ArmyAttendance - WARNING - Slow request: 21.09s - attendance.mark_attendance
2026-01-22 21:12:10 - ArmyAttendance - WARNING - Slow request: 6.38s - attendance.mark_attendance
2026-01-22 21:12:12 - ArmyAttendance - WARNING - Slow request: 21.63s - attendance.mark_attendance
2026-01-22 21:12:13 - ArmyAttendance - WARNING - Slow request: 6.58s - attendance.mark_attendance
2026-01-22 21:12:15 - ArmyAttendance - WARNING - Slow request: 13.09s - attendance.mark_attendance
2026-01-22 21:12:16 - ArmyAttendance - WARNING - 404 Error: 404 Not Found: The requested URL was not found on the server. If you entered the URL manually please check your spelling and try again.
2026-01-22 21:12:19 - ArmyAttendance - INFO - Employee verified: dinesj chandra (jhftf)
2026-01-22 21:12:19 - ArmyAttendance - INFO - Attendance photo saved: static\uploads\attendance\2026-01-22\jhftf_20260122_211219.jpg
2026-01-22 21:12:19 - ArmyAttendance - INFO - ✓ Check-out: jhftf at 09:12 PM
2026-01-22 21:12:19 - ArmyAttendance - WARNING - Slow request: 6.25s - attendance.mark_attendance
2026-01-22 21:12:23 - ArmyAttendance - WARNING - Slow request: 4.09s - attendance.mark_attendance
2026-01-22 21:12:25 - ArmyAttendance - WARNING - Slow request: 16.02s - attendance.mark_attendance
2026-01-22 21:12:27 - ArmyAttendance - INFO - Employee verified: dinesj chandra (jhftf)
2026-01-22 21:12:27 - ArmyAttendance - INFO - Attendance photo saved: static\uploads\attendance\2026-01-22\jhftf_20260122_211227.jpg
2026-01-22 21:12:27 - ArmyAttendance - INFO - ✓ Check-out: jhftf at 09:12 PM
2026-01-22 21:12:27 - ArmyAttendance - WARNING - Slow request: 16.36s - attendance.mark_attendance
2026-01-22 21:12:30 - ArmyAttendance - WARNING - Slow request: 23.11s - attendance.mark_attendance
2026-01-22 21:12:30 - ArmyAttendance - WARNING - Slow request: 6.90s - attendance.mark_attendance
2026-01-22 21:12:33 - ArmyAttendance - WARNING - Slow request: 6.31s - attendance.mark_attendance
2026-01-22 21:12:35 - ArmyAttendance - WARNING - Slow request: 21.47s - attendance.mark_attendance
2026-01-22 21:12:37 - ArmyAttendance - WARNING - Slow request: 11.33s - attendance.mark_attendance
2026-01-22 21:12:37 - ArmyAttendance - WARNING - Slow request: 20.60s - attendance.mark_attendance
2026-01-24 10:55:30 - ArmyAttendance - INFO - User logged in: admin
2026-01-24 10:55:30 - ArmyAttendance - WARNING - Slow request: 3.48s - auth.login
2026-01-24 11:03:30 - ArmyAttendance - WARNING - Slow request: 9.39s - attendance.mark_attendance
2026-01-24 11:03:41 - ArmyAttendance - WARNING - Slow request: 10.19s - attendance.mark_attendance
2026-01-24 11:03:51 - ArmyAttendance - INFO - Employee verified: Anurag yadav (545513)
2026-01-24 11:03:52 - ArmyAttendance - INFO - Attendance photo saved: static\uploads\attendance\2026-01-24\545513_20260124_110351.jpg
2026-01-24 11:03:52 - ArmyAttendance - INFO - ✓ Check-in: 545513 at 11:03 AM (late)
2026-01-24 11:03:52 - ArmyAttendance - WARNING - Slow request: 10.75s - attendance.mark_attendance
2026-01-24 11:03:57 - ArmyAttendance - WARNING - Slow request: 31.22s - attendance.mark_attendance
2026-01-24 11:04:01 - ArmyAttendance - INFO - Employee verified: shivam (232d)
2026-01-24 11:04:01 - ArmyAttendance - INFO - Attendance photo saved: static\uploads\attendance\2026-01-24\232d_20260124_110401.jpg
2026-01-24 11:04:01 - ArmyAttendance - INFO - ✓ Check-in: 232d at 11:04 AM (late)
2026-01-24 11:04:01 - ArmyAttendance - WARNING - Slow request: 38.49s - attendance.mark_attendance
2026-01-24 11:04:13 - ArmyAttendance - WARNING - Slow request: 11.65s - attendance.mark_attendance
2026-01-24 11:04:16 - ArmyAttendance - INFO - Employee verified: shivam (232d)
2026-01-24 11:04:16 - ArmyAttendance - INFO - Attendance photo saved: static\uploads\attendance\2026-01-24\232d_20260124_110416.jpg
2026-01-24 11:04:16 - ArmyAttendance - ERROR - Attendance marking error: (pymysql.err.IntegrityError) (1062, "Duplicate entry '3-2026-01-24' for key 'attendance.unique_employee_date'")
[SQL: INSERT INTO attendance (employee_id, check_in_time, check_out_time, date, status, location, check_in_photo, check_out_photo, liveness_score_in, liveness_score_out, confidence_score, ip_address, device_info, remarks, verified_by, created_at, updated_at) VALUES (%(employee_id)s, %(check_in_time)s, %(check_out_time)s, %(date)s, %(status)s, %(location)s, %(check_in_photo)s, %(check_out_photo)s, %(liveness_score_in)s, %(liveness_score_out)s, %(confidence_score)s, %(ip_address)s, %(device_info)s, %(remarks)s, %(verified_by)s, %(created_at)s, %(updated_at)s)]
[parameters: {'employee_id': 3, 'check_in_time': datetime.datetime(2026, 1, 24, 11, 4, 16, 314884), 'check_out_time': None, 'date': datetime.date(2026, 1, 24), 'status': 'late', 'location': None, 'check_in_photo': 'static\\uploads\\attendance\\2026-01-24\\232d_20260124_110416.jpg', 'check_out_photo': None, 'liveness_score_in': 0.8, 'liveness_score_out': None, 'confidence_score': 0.2259905278372809, 'ip_address': '127.0.0.1', 'device_info': 'Unknown', 'remarks': None, 'verified_by': 1, 'created_at': datetime.datetime(2026, 1, 24, 5, 34, 16, 382581), 'updated_at': datetime.datetime(2026, 1, 24, 5, 34, 16, 382581)}]
(Background on this error at: https://sqlalche.me/e/20/gkpj)
Traceback (most recent call last):
  File "C:\Users\dell\miniconda3\envs\army_env\lib\site-packages\sqlalchemy\engine\base.py", line 1967, in _exec_single_context
    self.dialect.do_execute(
  File "C:\Users\dell\miniconda3\envs\army_env\lib\site-packages\sqlalchemy\engine\default.py", line 952, in do_execute
    cursor.execute(statement, parameters)
  File "C:\Users\dell\miniconda3\envs\army_env\lib\site-packages\pymysql\cursors.py", line 153, in execute
    result = self._query(query)
  File "C:\Users\dell\miniconda3\envs\army_env\lib\site-packages\pymysql\cursors.py", line 322, in _query
    conn.query(q)
  File "C:\Users\dell\miniconda3\envs\army_env\lib\site-packages\pymysql\connections.py", line 558, in query
    self._affected_rows = self._read_query_result(unbuffered=unbuffered)
  File "C:\Users\dell\miniconda3\envs\army_env\lib\site-packages\pymysql\connections.py", line 822, in _read_query_result
    result.read()
  File "C:\Users\dell\miniconda3\envs\army_env\lib\site-packages\pymysql\connections.py", line 1200, in read
    first_packet = self.connection._read_packet()
  File "C:\Users\dell\miniconda3\envs\army_env\lib\site-packages\pymysql\connections.py", line 772, in _read_packet
    packet.raise_for_error()
  File "C:\Users\dell\miniconda3\envs\army_env\lib\site-packages\pymysql\protocol.py", line 221, in raise_for_error
    err.raise_mysql_exception(self._data)
  File "C:\Users\dell\miniconda3\envs\army_env\lib\site-packages\pymysql\err.py", line 143, in raise_mysql_exception
    raise errorclass(errno, errval)
pymysql.err.IntegrityError: (1062, "Duplicate entry '3-2026-01-24' for key 'attendance.unique_employee_date'")

The above exception was the direct cause of the following exception:

Traceback (most recent call last):
  File "C:\Users\dell\army_face_attendance\routes\attendance.py", line 454, in mark_attendance
    db.session.commit()
  File "C:\Users\dell\miniconda3\envs\army_env\lib\site-packages\sqlalchemy\orm\scoping.py", line 597, in commit
    return self._proxied.commit()
  File "C:\Users\dell\miniconda3\envs\army_env\lib\site-packages\sqlalchemy\orm\session.py", line 2030, in commit
    trans.commit(_to_root=True)
  File "<string>", line 2, in commit
  File "C:\Users\dell\miniconda3\envs\army_env\lib\site-packages\sqlalchemy\orm\state_changes.py", line 137, in _go
    ret_value = fn(self, *arg, **kw)
  File "C:\Users\dell\miniconda3\envs\army_env\lib\site-packages\sqlalchemy\orm\session.py", line 1311, in commit
    self._prepare_impl()
  File "<string>", line 2, in _prepare_impl
  File "C:\Users\dell\miniconda3\envs\army_env\lib\site-packages\sqlalchemy\orm\state_changes.py", line 137, in _go
    ret_value = fn(self, *arg, **kw)
  File "C:\Users\dell\miniconda3\envs\army_env\lib\site-packages\sqlalchemy\orm\session.py", line 1286, in _prepare_impl
    self.session.flush()
  File "C:\Users\dell\miniconda3\envs\army_env\lib\site-packages\sqlalchemy\orm\session.py", line 4331, in flush
    self._flush(objects)
  File "C:\Users\dell\miniconda3\envs\army_env\lib\site-packages\sqlalchemy\orm\session.py", line 4466, in _flush
    with util.safe_reraise():
  File "C:\Users\dell\miniconda3\envs\army_env\lib\site-packages\sqlalchemy\util\langhelpers.py", line 224, in __exit__
    raise exc_value.with_traceback(exc_tb)
  File "C:\Users\dell\miniconda3\envs\army_env\lib\site-packages\sqlalchemy\orm\session.py", line 4427, in _flush
    flush_context.execute()
  File "C:\Users\dell\miniconda3\envs\army_env\lib\site-packages\sqlalchemy\orm\unitofwork.py", line 466, in execute
    rec.execute(self)
  File "C:\Users\dell\miniconda3\envs\army_env\lib\site-packages\sqlalchemy\orm\unitofwork.py", line 642, in execute
    util.preloaded.orm_persistence.save_obj(
  File "C:\Users\dell\miniconda3\envs\army_env\lib\site-packages\sqlalchemy\orm\persistence.py", line 93, in save_obj
    _emit_insert_statements(
  File "C:\Users\dell\miniconda3\envs\army_env\lib\site-packages\sqlalchemy\orm\persistence.py", line 1233, in _emit_insert_statements
    result = connection.execute(
  File "C:\Users\dell\miniconda3\envs\army_env\lib\site-packages\sqlalchemy\engine\base.py", line 1419, in execute
    return meth(
  File "C:\Users\dell\miniconda3\envs\army_env\lib\site-packages\sqlalchemy\sql\elements.py", line 527, in _execute_on_connection
    return connection._execute_clauseelement(
  File "C:\Users\dell\miniconda3\envs\army_env\lib\site-packages\sqlalchemy\engine\base.py", line 1641, in _execute_clauseelement
    ret = self._execute_context(
  File "C:\Users\dell\miniconda3\envs\army_env\lib\site-packages\sqlalchemy\engine\base.py", line 1846, in _execute_context
    return self._exec_single_context(
  File "C:\Users\dell\miniconda3\envs\army_env\lib\site-packages\sqlalchemy\engine\base.py", line 1986, in _exec_single_context
    self._handle_dbapi_exception(
  File "C:\Users\dell\miniconda3\envs\army_env\lib\site-packages\sqlalchemy\engine\base.py", line 2363, in _handle_dbapi_exception
    raise sqlalchemy_exception.with_traceback(exc_info[2]) from e
  File "C:\Users\dell\miniconda3\envs\army_env\lib\site-packages\sqlalchemy\engine\base.py", line 1967, in _exec_single_context
    self.dialect.do_execute(
  File "C:\Users\dell\miniconda3\envs\army_env\lib\site-packages\sqlalchemy\engine\default.py", line 952, in do_execute
    cursor.execute(statement, parameters)
  File "C:\Users\dell\miniconda3\envs\army_env\lib\site-packages\pymysql\cursors.py", line 153, in execute
    result = self._query(query)
  File "C:\Users\dell\miniconda3\envs\army_env\lib\site-packages\pymysql\cursors.py", line 322, in _query
    conn.query(q)
  File "C:\Users\dell\miniconda3\envs\army_env\lib\site-packages\pymysql\connections.py", line 558, in query
    self._affected_rows = self._read_query_result(unbuffered=unbuffered)
  File "C:\Users\dell\miniconda3\envs\army_env\lib\site-packages\pymysql\connections.py", line 822, in _read_query_result
    result.read()
  File "C:\Users\dell\miniconda3\envs\army_env\lib\site-packages\pymysql\connections.py", line 1200, in read
    first_packet = self.connection._read_packet()
  File "C:\Users\dell\miniconda3\envs\army_env\lib\site-packages\pymysql\connections.py", line 772, in _read_packet
    packet.raise_for_error()
  File "C:\Users\dell\miniconda3\envs\army_env\lib\site-packages\pymysql\protocol.py", line 221, in raise_for_error
    err.raise_mysql_exception(self._data)
  File "C:\Users\dell\miniconda3\envs\army_env\lib\site-packages\pymysql\err.py", line 143, in raise_mysql_exception
    raise errorclass(errno, errval)
sqlalchemy.exc.IntegrityError: (pymysql.err.IntegrityError) (1062, "Duplicate entry '3-2026-01-24' for key 'attendance.unique_employee_date'")
[SQL: INSERT INTO attendance (employee_id, check_in_time, check_out_time, date, status, location, check_in_photo, check_out_photo, liveness_score_in, liveness_score_out, confidence_score, ip_address, device_info, remarks, verified_by, created_at, updated_at) VALUES (%(employee_id)s, %(check_in_time)s, %(check_out_time)s, %(date)s, %(status)s, %(location)s, %(check_in_photo)s, %(check_out_photo)s, %(liveness_score_in)s, %(liveness_score_out)s, %(confidence_score)s, %(ip_address)s, %(device_info)s, %(remarks)s, %(verified_by)s, %(created_at)s, %(updated_at)s)]
[parameters: {'employee_id': 3, 'check_in_time': datetime.datetime(2026, 1, 24, 11, 4, 16, 314884), 'check_out_time': None, 'date': datetime.date(2026, 1, 24), 'status': 'late', 'location': None, 'check_in_photo': 'static\\uploads\\attendance\\2026-01-24\\232d_20260124_110416.jpg', 'check_out_photo': None, 'liveness_score_in': 0.8, 'liveness_score_out': None, 'confidence_score': 0.2259905278372809, 'ip_address': '127.0.0.1', 'device_info': 'Unknown', 'remarks': None, 'verified_by': 1, 'created_at': datetime.datetime(2026, 1, 24, 5, 34, 16, 382581), 'updated_at': datetime.datetime(2026, 1, 24, 5, 34, 16, 382581)}]
(Background on this error at: https://sqlalche.me/e/20/gkpj)
2026-01-24 11:04:16 - ArmyAttendance - WARNING - Slow request: 54.51s - attendance.mark_attendance
2026-01-24 11:04:17 - ArmyAttendance - INFO - Employee verified: Anurag yadav (545513)
2026-01-24 11:04:17 - ArmyAttendance - INFO - Attendance photo saved: static\uploads\attendance\2026-01-24\545513_20260124_110417.jpg
2026-01-24 11:04:17 - ArmyAttendance - ERROR - Attendance marking error: (pymysql.err.IntegrityError) (1062, "Duplicate entry '1-2026-01-24' for key 'attendance.unique_employee_date'")
[SQL: INSERT INTO attendance (employee_id, check_in_time, check_out_time, date, status, location, check_in_photo, check_out_photo, liveness_score_in, liveness_score_out, confidence_score, ip_address, device_info, remarks, verified_by, created_at, updated_at) VALUES (%(employee_id)s, %(check_in_time)s, %(check_out_time)s, %(date)s, %(status)s, %(location)s, %(check_in_photo)s, %(check_out_photo)s, %(liveness_score_in)s, %(liveness_score_out)s, %(confidence_score)s, %(ip_address)s, %(device_info)s, %(remarks)s, %(verified_by)s, %(created_at)s, %(updated_at)s)]
[parameters: {'employee_id': 1, 'check_in_time': datetime.datetime(2026, 1, 24, 11, 4, 17, 407956), 'check_out_time': None, 'date': datetime.date(2026, 1, 24), 'status': 'late', 'location': None, 'check_in_photo': 'static\\uploads\\attendance\\2026-01-24\\545513_20260124_110417.jpg', 'check_out_photo': None, 'liveness_score_in': 0.8, 'liveness_score_out': None, 'confidence_score': 0.2973240621574149, 'ip_address': '127.0.0.1', 'device_info': 'Unknown', 'remarks': None, 'verified_by': 1, 'created_at': datetime.datetime(2026, 1, 24, 5, 34, 17, 510568), 'updated_at': datetime.datetime(2026, 1, 24, 5, 34, 17, 510568)}]
(Background on this error at: https://sqlalche.me/e/20/gkpj)
Traceback (most recent call last):
  File "C:\Users\dell\miniconda3\envs\army_env\lib\site-packages\sqlalchemy\engine\base.py", line 1967, in _exec_single_context
    self.dialect.do_execute(
  File "C:\Users\dell\miniconda3\envs\army_env\lib\site-packages\sqlalchemy\engine\default.py", line 952, in do_execute
    cursor.execute(statement, parameters)
  File "C:\Users\dell\miniconda3\envs\army_env\lib\site-packages\pymysql\cursors.py", line 153, in execute
    result = self._query(query)
  File "C:\Users\dell\miniconda3\envs\army_env\lib\site-packages\pymysql\cursors.py", line 322, in _query
    conn.query(q)
  File "C:\Users\dell\miniconda3\envs\army_env\lib\site-packages\pymysql\connections.py", line 558, in query
    self._affected_rows = self._read_query_result(unbuffered=unbuffered)
  File "C:\Users\dell\miniconda3\envs\army_env\lib\site-packages\pymysql\connections.py", line 822, in _read_query_result
    result.read()
  File "C:\Users\dell\miniconda3\envs\army_env\lib\site-packages\pymysql\connections.py", line 1200, in read
    first_packet = self.connection._read_packet()
  File "C:\Users\dell\miniconda3\envs\army_env\lib\site-packages\pymysql\connections.py", line 772, in _read_packet
    packet.raise_for_error()
  File "C:\Users\dell\miniconda3\envs\army_env\lib\site-packages\pymysql\protocol.py", line 221, in raise_for_error
    err.raise_mysql_exception(self._data)
  File "C:\Users\dell\miniconda3\envs\army_env\lib\site-packages\pymysql\err.py", line 143, in raise_mysql_exception
    raise errorclass(errno, errval)
pymysql.err.IntegrityError: (1062, "Duplicate entry '1-2026-01-24' for key 'attendance.unique_employee_date'")

The above exception was the direct cause of the following exception:

Traceback (most recent call last):
  File "C:\Users\dell\army_face_attendance\routes\attendance.py", line 454, in mark_attendance
    db.session.commit()
  File "C:\Users\dell\miniconda3\envs\army_env\lib\site-packages\sqlalchemy\orm\scoping.py", line 597, in commit
    return self._proxied.commit()
  File "C:\Users\dell\miniconda3\envs\army_env\lib\site-packages\sqlalchemy\orm\session.py", line 2030, in commit
    trans.commit(_to_root=True)
  File "<string>", line 2, in commit
  File "C:\Users\dell\miniconda3\envs\army_env\lib\site-packages\sqlalchemy\orm\state_changes.py", line 137, in _go
    ret_value = fn(self, *arg, **kw)
  File "C:\Users\dell\miniconda3\envs\army_env\lib\site-packages\sqlalchemy\orm\session.py", line 1311, in commit
    self._prepare_impl()
  File "<string>", line 2, in _prepare_impl
  File "C:\Users\dell\miniconda3\envs\army_env\lib\site-packages\sqlalchemy\orm\state_changes.py", line 137, in _go
    ret_value = fn(self, *arg, **kw)
  File "C:\Users\dell\miniconda3\envs\army_env\lib\site-packages\sqlalchemy\orm\session.py", line 1286, in _prepare_impl
    self.session.flush()
  File "C:\Users\dell\miniconda3\envs\army_env\lib\site-packages\sqlalchemy\orm\session.py", line 4331, in flush
    self._flush(objects)
  File "C:\Users\dell\miniconda3\envs\army_env\lib\site-packages\sqlalchemy\orm\session.py", line 4466, in _flush
    with util.safe_reraise():
  File "C:\Users\dell\miniconda3\envs\army_env\lib\site-packages\sqlalchemy\util\langhelpers.py", line 224, in __exit__
    raise exc_value.with_traceback(exc_tb)
  File "C:\Users\dell\miniconda3\envs\army_env\lib\site-packages\sqlalchemy\orm\session.py", line 4427, in _flush
    flush_context.execute()
  File "C:\Users\dell\miniconda3\envs\army_env\lib\site-packages\sqlalchemy\orm\unitofwork.py", line 466, in execute
    rec.execute(self)
  File "C:\Users\dell\miniconda3\envs\army_env\lib\site-packages\sqlalchemy\orm\unitofwork.py", line 642, in execute
    util.preloaded.orm_persistence.save_obj(
  File "C:\Users\dell\miniconda3\envs\army_env\lib\site-packages\sqlalchemy\orm\persistence.py", line 93, in save_obj
    _emit_insert_statements(
  File "C:\Users\dell\miniconda3\envs\army_env\lib\site-packages\sqlalchemy\orm\persistence.py", line 1233, in _emit_insert_statements
    result = connection.execute(
  File "C:\Users\dell\miniconda3\envs\army_env\lib\site-packages\sqlalchemy\engine\base.py", line 1419, in execute
    return meth(
  File "C:\Users\dell\miniconda3\envs\army_env\lib\site-packages\sqlalchemy\sql\elements.py", line 527, in _execute_on_connection
    return connection._execute_clauseelement(
  File "C:\Users\dell\miniconda3\envs\army_env\lib\site-packages\sqlalchemy\engine\base.py", line 1641, in _execute_clauseelement
    ret = self._execute_context(
  File "C:\Users\dell\miniconda3\envs\army_env\lib\site-packages\sqlalchemy\engine\base.py", line 1846, in _execute_context
    return self._exec_single_context(
  File "C:\Users\dell\miniconda3\envs\army_env\lib\site-packages\sqlalchemy\engine\base.py", line 1986, in _exec_single_context
    self._handle_dbapi_exception(
  File "C:\Users\dell\miniconda3\envs\army_env\lib\site-packages\sqlalchemy\engine\base.py", line 2363, in _handle_dbapi_exception
    raise sqlalchemy_exception.with_traceback(exc_info[2]) from e
  File "C:\Users\dell\miniconda3\envs\army_env\lib\site-packages\sqlalchemy\engine\base.py", line 1967, in _exec_single_context
    self.dialect.do_execute(
  File "C:\Users\dell\miniconda3\envs\army_env\lib\site-packages\sqlalchemy\engine\default.py", line 952, in do_execute
    cursor.execute(statement, parameters)
  File "C:\Users\dell\miniconda3\envs\army_env\lib\site-packages\pymysql\cursors.py", line 153, in execute
    result = self._query(query)
  File "C:\Users\dell\miniconda3\envs\army_env\lib\site-packages\pymysql\cursors.py", line 322, in _query
    conn.query(q)
  File "C:\Users\dell\miniconda3\envs\army_env\lib\site-packages\pymysql\connections.py", line 558, in query
    self._affected_rows = self._read_query_result(unbuffered=unbuffered)
  File "C:\Users\dell\miniconda3\envs\army_env\lib\site-packages\pymysql\connections.py", line 822, in _read_query_result
    result.read()
  File "C:\Users\dell\miniconda3\envs\army_env\lib\site-packages\pymysql\connections.py", line 1200, in read
    first_packet = self.connection._read_packet()
  File "C:\Users\dell\miniconda3\envs\army_env\lib\site-packages\pymysql\connections.py", line 772, in _read_packet
    packet.raise_for_error()
  File "C:\Users\dell\miniconda3\envs\army_env\lib\site-packages\pymysql\protocol.py", line 221, in raise_for_error
    err.raise_mysql_exception(self._data)
  File "C:\Users\dell\miniconda3\envs\army_env\lib\site-packages\pymysql\err.py", line 143, in raise_mysql_exception
    raise errorclass(errno, errval)
sqlalchemy.exc.IntegrityError: (pymysql.err.IntegrityError) (1062, "Duplicate entry '1-2026-01-24' for key 'attendance.unique_employee_date'")
[SQL: INSERT INTO attendance (employee_id, check_in_time, check_out_time, date, status, location, check_in_photo, check_out_photo, liveness_score_in, liveness_score_out, confidence_score, ip_address, device_info, remarks, verified_by, created_at, updated_at) VALUES (%(employee_id)s, %(check_in_time)s, %(check_out_time)s, %(date)s, %(status)s, %(location)s, %(check_in_photo)s, %(check_out_photo)s, %(liveness_score_in)s, %(liveness_score_out)s, %(confidence_score)s, %(ip_address)s, %(device_info)s, %(remarks)s, %(verified_by)s, %(created_at)s, %(updated_at)s)]
[parameters: {'employee_id': 1, 'check_in_time': datetime.datetime(2026, 1, 24, 11, 4, 17, 407956), 'check_out_time': None, 'date': datetime.date(2026, 1, 24), 'status': 'late', 'location': None, 'check_in_photo': 'static\\uploads\\attendance\\2026-01-24\\545513_20260124_110417.jpg', 'check_out_photo': None, 'liveness_score_in': 0.8, 'liveness_score_out': None, 'confidence_score': 0.2973240621574149, 'ip_address': '127.0.0.1', 'device_info': 'Unknown', 'remarks': None, 'verified_by': 1, 'created_at': datetime.datetime(2026, 1, 24, 5, 34, 17, 510568), 'updated_at': datetime.datetime(2026, 1, 24, 5, 34, 17, 510568)}]
(Background on this error at: https://sqlalche.me/e/20/gkpj)
2026-01-24 11:04:17 - ArmyAttendance - WARNING - Slow request: 53.37s - attendance.mark_attendance
2026-01-24 11:04:20 - ArmyAttendance - INFO - Employee verified: shivam (232d)
2026-01-24 11:04:20 - ArmyAttendance - INFO - Attendance photo saved: static\uploads\attendance\2026-01-24\232d_20260124_110420.jpg
2026-01-24 11:04:20 - ArmyAttendance - ERROR - Attendance marking error: (pymysql.err.IntegrityError) (1062, "Duplicate entry '3-2026-01-24' for key 'attendance.unique_employee_date'")
[SQL: INSERT INTO attendance (employee_id, check_in_time, check_out_time, date, status, location, check_in_photo, check_out_photo, liveness_score_in, liveness_score_out, confidence_score, ip_address, device_info, remarks, verified_by, created_at, updated_at) VALUES (%(employee_id)s, %(check_in_time)s, %(check_out_time)s, %(date)s, %(status)s, %(location)s, %(check_in_photo)s, %(check_out_photo)s, %(liveness_score_in)s, %(liveness_score_out)s, %(confidence_score)s, %(ip_address)s, %(device_info)s, %(remarks)s, %(verified_by)s, %(created_at)s, %(updated_at)s)]
[parameters: {'employee_id': 3, 'check_in_time': datetime.datetime(2026, 1, 24, 11, 4, 20, 462848), 'check_out_time': None, 'date': datetime.date(2026, 1, 24), 'status': 'late', 'location': None, 'check_in_photo': 'static\\uploads\\attendance\\2026-01-24\\232d_20260124_110420.jpg', 'check_out_photo': None, 'liveness_score_in': 0.8, 'liveness_score_out': None, 'confidence_score': 0.21308435467366849, 'ip_address': '127.0.0.1', 'device_info': 'Unknown', 'remarks': None, 'verified_by': 1, 'created_at': datetime.datetime(2026, 1, 24, 5, 34, 20, 513740), 'updated_at': datetime.datetime(2026, 1, 24, 5, 34, 20, 513740)}]
(Background on this error at: https://sqlalche.me/e/20/gkpj)
Traceback (most recent call last):
  File "C:\Users\dell\miniconda3\envs\army_env\lib\site-packages\sqlalchemy\engine\base.py", line 1967, in _exec_single_context
    self.dialect.do_execute(
  File "C:\Users\dell\miniconda3\envs\army_env\lib\site-packages\sqlalchemy\engine\default.py", line 952, in do_execute
    cursor.execute(statement, parameters)
  File "C:\Users\dell\miniconda3\envs\army_env\lib\site-packages\pymysql\cursors.py", line 153, in execute
    result = self._query(query)
  File "C:\Users\dell\miniconda3\envs\army_env\lib\site-packages\pymysql\cursors.py", line 322, in _query
    conn.query(q)
  File "C:\Users\dell\miniconda3\envs\army_env\lib\site-packages\pymysql\connections.py", line 558, in query
    self._affected_rows = self._read_query_result(unbuffered=unbuffered)
  File "C:\Users\dell\miniconda3\envs\army_env\lib\site-packages\pymysql\connections.py", line 822, in _read_query_result
    result.read()
  File "C:\Users\dell\miniconda3\envs\army_env\lib\site-packages\pymysql\connections.py", line 1200, in read
    first_packet = self.connection._read_packet()
  File "C:\Users\dell\miniconda3\envs\army_env\lib\site-packages\pymysql\connections.py", line 772, in _read_packet
    packet.raise_for_error()
  File "C:\Users\dell\miniconda3\envs\army_env\lib\site-packages\pymysql\protocol.py", line 221, in raise_for_error
    err.raise_mysql_exception(self._data)
  File "C:\Users\dell\miniconda3\envs\army_env\lib\site-packages\pymysql\err.py", line 143, in raise_mysql_exception
    raise errorclass(errno, errval)
pymysql.err.IntegrityError: (1062, "Duplicate entry '3-2026-01-24' for key 'attendance.unique_employee_date'")

The above exception was the direct cause of the following exception:

Traceback (most recent call last):
  File "C:\Users\dell\army_face_attendance\routes\attendance.py", line 454, in mark_attendance
    db.session.commit()
  File "C:\Users\dell\miniconda3\envs\army_env\lib\site-packages\sqlalchemy\orm\scoping.py", line 597, in commit
    return self._proxied.commit()
  File "C:\Users\dell\miniconda3\envs\army_env\lib\site-packages\sqlalchemy\orm\session.py", line 2030, in commit
    trans.commit(_to_root=True)
  File "<string>", line 2, in commit
  File "C:\Users\dell\miniconda3\envs\army_env\lib\site-packages\sqlalchemy\orm\state_changes.py", line 137, in _go
    ret_value = fn(self, *arg, **kw)
  File "C:\Users\dell\miniconda3\envs\army_env\lib\site-packages\sqlalchemy\orm\session.py", line 1311, in commit
    self._prepare_impl()
  File "<string>", line 2, in _prepare_impl
  File "C:\Users\dell\miniconda3\envs\army_env\lib\site-packages\sqlalchemy\orm\state_changes.py", line 137, in _go
    ret_value = fn(self, *arg, **kw)
  File "C:\Users\dell\miniconda3\envs\army_env\lib\site-packages\sqlalchemy\orm\session.py", line 1286, in _prepare_impl
    self.session.flush()
  File "C:\Users\dell\miniconda3\envs\army_env\lib\site-packages\sqlalchemy\orm\session.py", line 4331, in flush
    self._flush(objects)
  File "C:\Users\dell\miniconda3\envs\army_env\lib\site-packages\sqlalchemy\orm\session.py", line 4466, in _flush
    with util.safe_reraise():
  File "C:\Users\dell\miniconda3\envs\army_env\lib\site-packages\sqlalchemy\util\langhelpers.py", line 224, in __exit__
    raise exc_value.with_traceback(exc_tb)
  File "C:\Users\dell\miniconda3\envs\army_env\lib\site-packages\sqlalchemy\orm\session.py", line 4427, in _flush
    flush_context.execute()
  File "C:\Users\dell\miniconda3\envs\army_env\lib\site-packages\sqlalchemy\orm\unitofwork.py", line 466, in execute
    rec.execute(self)
  File "C:\Users\dell\miniconda3\envs\army_env\lib\site-packages\sqlalchemy\orm\unitofwork.py", line 642, in execute
    util.preloaded.orm_persistence.save_obj(
  File "C:\Users\dell\miniconda3\envs\army_env\lib\site-packages\sqlalchemy\orm\persistence.py", line 93, in save_obj
    _emit_insert_statements(
  File "C:\Users\dell\miniconda3\envs\army_env\lib\site-packages\sqlalchemy\orm\persistence.py", line 1233, in _emit_insert_statements
    result = connection.execute(
  File "C:\Users\dell\miniconda3\envs\army_env\lib\site-packages\sqlalchemy\engine\base.py", line 1419, in execute
    return meth(
  File "C:\Users\dell\miniconda3\envs\army_env\lib\site-packages\sqlalchemy\sql\elements.py", line 527, in _execute_on_connection
    return connection._execute_clauseelement(
  File "C:\Users\dell\miniconda3\envs\army_env\lib\site-packages\sqlalchemy\engine\base.py", line 1641, in _execute_clauseelement
    ret = self._execute_context(
  File "C:\Users\dell\miniconda3\envs\army_env\lib\site-packages\sqlalchemy\engine\base.py", line 1846, in _execute_context
    return self._exec_single_context(
  File "C:\Users\dell\miniconda3\envs\army_env\lib\site-packages\sqlalchemy\engine\base.py", line 1986, in _exec_single_context
    self._handle_dbapi_exception(
  File "C:\Users\dell\miniconda3\envs\army_env\lib\site-packages\sqlalchemy\engine\base.py", line 2363, in _handle_dbapi_exception
    raise sqlalchemy_exception.with_traceback(exc_info[2]) from e
  File "C:\Users\dell\miniconda3\envs\army_env\lib\site-packages\sqlalchemy\engine\base.py", line 1967, in _exec_single_context
    self.dialect.do_execute(
  File "C:\Users\dell\miniconda3\envs\army_env\lib\site-packages\sqlalchemy\engine\default.py", line 952, in do_execute
    cursor.execute(statement, parameters)
  File "C:\Users\dell\miniconda3\envs\army_env\lib\site-packages\pymysql\cursors.py", line 153, in execute
    result = self._query(query)
  File "C:\Users\dell\miniconda3\envs\army_env\lib\site-packages\pymysql\cursors.py", line 322, in _query
    conn.query(q)
  File "C:\Users\dell\miniconda3\envs\army_env\lib\site-packages\pymysql\connections.py", line 558, in query
    self._affected_rows = self._read_query_result(unbuffered=unbuffered)
  File "C:\Users\dell\miniconda3\envs\army_env\lib\site-packages\pymysql\connections.py", line 822, in _read_query_result
    result.read()
  File "C:\Users\dell\miniconda3\envs\army_env\lib\site-packages\pymysql\connections.py", line 1200, in read
    first_packet = self.connection._read_packet()
  File "C:\Users\dell\miniconda3\envs\army_env\lib\site-packages\pymysql\connections.py", line 772, in _read_packet
    packet.raise_for_error()
  File "C:\Users\dell\miniconda3\envs\army_env\lib\site-packages\pymysql\protocol.py", line 221, in raise_for_error
    err.raise_mysql_exception(self._data)
  File "C:\Users\dell\miniconda3\envs\army_env\lib\site-packages\pymysql\err.py", line 143, in raise_mysql_exception
    raise errorclass(errno, errval)
sqlalchemy.exc.IntegrityError: (pymysql.err.IntegrityError) (1062, "Duplicate entry '3-2026-01-24' for key 'attendance.unique_employee_date'")
[SQL: INSERT INTO attendance (employee_id, check_in_time, check_out_time, date, status, location, check_in_photo, check_out_photo, liveness_score_in, liveness_score_out, confidence_score, ip_address, device_info, remarks, verified_by, created_at, updated_at) VALUES (%(employee_id)s, %(check_in_time)s, %(check_out_time)s, %(date)s, %(status)s, %(location)s, %(check_in_photo)s, %(check_out_photo)s, %(liveness_score_in)s, %(liveness_score_out)s, %(confidence_score)s, %(ip_address)s, %(device_info)s, %(remarks)s, %(verified_by)s, %(created_at)s, %(updated_at)s)]
[parameters: {'employee_id': 3, 'check_in_time': datetime.datetime(2026, 1, 24, 11, 4, 20, 462848), 'check_out_time': None, 'date': datetime.date(2026, 1, 24), 'status': 'late', 'location': None, 'check_in_photo': 'static\\uploads\\attendance\\2026-01-24\\232d_20260124_110420.jpg', 'check_out_photo': None, 'liveness_score_in': 0.8, 'liveness_score_out': None, 'confidence_score': 0.21308435467366849, 'ip_address': '127.0.0.1', 'device_info': 'Unknown', 'remarks': None, 'verified_by': 1, 'created_at': datetime.datetime(2026, 1, 24, 5, 34, 20, 513740), 'updated_at': datetime.datetime(2026, 1, 24, 5, 34, 20, 513740)}]
(Background on this error at: https://sqlalche.me/e/20/gkpj)
2026-01-24 11:04:20 - ArmyAttendance - WARNING - Slow request: 28.10s - attendance.mark_attendance
2026-01-24 11:04:20 - ArmyAttendance - WARNING - Slow request: 55.47s - attendance.mark_attendance
2026-01-24 11:04:25 - ArmyAttendance - WARNING - Slow request: 27.53s - attendance.mark_attendance
2026-01-24 11:04:51 - ArmyAttendance - ERROR - Error loading reports page: reports/index.html
Traceback (most recent call last):
  File "C:\Users\dell\army_face_attendance\routes\reports.py", line 48, in index
    return render_template('reports/index.html', stats=stats)
  File "C:\Users\dell\miniconda3\envs\army_env\lib\site-packages\flask\templating.py", line 151, in render_template
    template = app.jinja_env.get_or_select_template(template_name_or_list)
  File "C:\Users\dell\miniconda3\envs\army_env\lib\site-packages\jinja2\environment.py", line 1087, in get_or_select_template
    return self.get_template(template_name_or_list, parent, globals)
  File "C:\Users\dell\miniconda3\envs\army_env\lib\site-packages\jinja2\environment.py", line 1016, in get_template
    return self._load_template(name, globals)
  File "C:\Users\dell\miniconda3\envs\army_env\lib\site-packages\jinja2\environment.py", line 975, in _load_template
    template = self.loader.load(self, name, self.make_globals(globals))
  File "C:\Users\dell\miniconda3\envs\army_env\lib\site-packages\jinja2\loaders.py", line 126, in load
    source, filename, uptodate = self.get_source(environment, name)
  File "C:\Users\dell\miniconda3\envs\army_env\lib\site-packages\flask\templating.py", line 65, in get_source
    return self._get_source_fast(environment, template)
  File "C:\Users\dell\miniconda3\envs\army_env\lib\site-packages\flask\templating.py", line 99, in _get_source_fast
    raise TemplateNotFound(template)
jinja2.exceptions.TemplateNotFound: reports/index.html
2026-01-24 11:05:47 - ArmyAttendance - WARNING - Slow request: 8.88s - attendance.mark_attendance
2026-01-24 11:05:56 - ArmyAttendance - WARNING - Slow request: 15.40s - attendance.mark_attendance
2026-01-24 11:06:07 - ArmyAttendance - INFO - Employee verified: shivam (232d)
2026-01-24 11:06:07 - ArmyAttendance - INFO - Attendance photo saved: static\uploads\attendance\2026-01-24\232d_20260124_110607.jpg
2026-01-24 11:06:07 - ArmyAttendance - INFO - ✓ Check-out: 232d at 11:06 AM
2026-01-24 11:06:07 - ArmyAttendance - WARNING - Slow request: 10.70s - attendance.mark_attendance
2026-01-24 11:06:14 - ArmyAttendance - WARNING - Slow request: 30.33s - attendance.mark_attendance
2026-01-24 11:06:19 - ArmyAttendance - WARNING - Slow request: 31.27s - attendance.mark_attendance
2026-01-24 11:06:23 - ArmyAttendance - INFO - Employee verified: shivam (232d)
2026-01-24 11:06:23 - ArmyAttendance - INFO - Attendance photo saved: static\uploads\attendance\2026-01-24\232d_20260124_110623.jpg
2026-01-24 11:06:23 - ArmyAttendance - INFO - ✓ Check-out: 232d at 11:06 AM
2026-01-24 11:06:23 - ArmyAttendance - WARNING - Slow request: 44.22s - attendance.mark_attendance
2026-01-24 11:06:24 - ArmyAttendance - ERROR - Attendance marking error: too many values to unpack (expected 4)
Traceback (most recent call last):
  File "C:\Users\dell\army_face_attendance\routes\attendance.py", line 317, in mark_attendance
    employee_id, confidence, face_obj, message = face_engine.recognize_face(frame)
ValueError: too many values to unpack (expected 4)
2026-01-24 11:06:24 - ArmyAttendance - WARNING - Slow request: 42.32s - attendance.mark_attendance
2026-01-24 11:06:26 - ArmyAttendance - ERROR - Attendance marking error: too many values to unpack (expected 4)
Traceback (most recent call last):
  File "C:\Users\dell\army_face_attendance\routes\attendance.py", line 317, in mark_attendance
    employee_id, confidence, face_obj, message = face_engine.recognize_face(frame)
ValueError: too many values to unpack (expected 4)
2026-01-24 11:06:26 - ArmyAttendance - WARNING - Slow request: 43.40s - attendance.mark_attendance
2026-01-24 12:58:55 - ArmyAttendance - INFO - User logged in: admin
